CREATE TABLE "T_APP_CONFIG" (
  "ID" VARCHAR2(64 BYTE) NOT NULL,
  "CONFIG_NAME" VARCHAR2(64 BYTE),
  "CONFIG_KEY" VARCHAR2(64 BYTE),
  "ROLE_ID" VARCHAR2(64 BYTE),
  "SERVER_ID" VARCHAR2(64 BYTE),
  "CONFIG_JSON" CLOB,
  "CONFIG_VERSION_ID" VARCHAR2(64 BYTE),
  "CREATE_BY" VARCHAR2(64 BYTE),
  "CREATE_TIME" DATE,
  "UPDATE_BY" VARCHAR2(64 BYTE),
  "UPDATE_TIME" DATE,
  "DELETED" NUMBER(1,0),
  "VERSION" NUMBER(18,0),
  CONSTRAINT "SYS_C0017176" PRIMARY KEY ("ID"),
  CONSTRAINT "SYS_C0017175" CHECK ("ID" IS NOT NULL) NOT DEFERRABLE INITIALLY IMMEDIATE NORELY VALIDATE
)
LOGGING
NOCOMPRESS
PARALLEL 1
NOCACHE
DISABLE ROW MOVEMENT
;

COMMENT ON COLUMN "T_APP_CONFIG"."ID" IS '主键';

COMMENT ON COLUMN "T_APP_CONFIG"."CONFIG_NAME" IS '配置名称';

COMMENT ON COLUMN "T_APP_CONFIG"."CONFIG_KEY" IS '配置key';

COMMENT ON COLUMN "T_APP_CONFIG"."ROLE_ID" IS '角色ID';

COMMENT ON COLUMN "T_APP_CONFIG"."SERVER_ID" IS '服务ID';

COMMENT ON COLUMN "T_APP_CONFIG"."CONFIG_JSON" IS '配置JSON数据';

COMMENT ON COLUMN "T_APP_CONFIG"."CONFIG_VERSION_ID" IS '配置版本信息';

COMMENT ON COLUMN "T_APP_CONFIG"."CREATE_BY" IS '创建人';

COMMENT ON COLUMN "T_APP_CONFIG"."CREATE_TIME" IS '创建时间';

COMMENT ON COLUMN "T_APP_CONFIG"."UPDATE_BY" IS '更新人';

COMMENT ON COLUMN "T_APP_CONFIG"."UPDATE_TIME" IS '更新时间';

COMMENT ON COLUMN "T_APP_CONFIG"."DELETED" IS '删除标识';

COMMENT ON COLUMN "T_APP_CONFIG"."VERSION" IS '乐观锁标识';

CREATE TABLE "T_APP_CONFIG_DATA" (
  "ID" VARCHAR2(64 BYTE) NOT NULL,
  "CONFIG_DATA_KEY" VARCHAR2(64 BYTE),
  "CONFIG_DATA_TYPE" VARCHAR2(64 BYTE),
  "CONFIG_DATA_VALUE" CLOB,
  "CONFIG_DATA_STORE_STATE" VARCHAR2(20 BYTE),
  "CONFIG_VERSION_ID" VARCHAR2(64 BYTE),
  "CREATE_BY" VARCHAR2(64 BYTE),
  "CREATE_TIME" DATE,
  "UPDATE_BY" VARCHAR2(64 BYTE),
  "UPDATE_TIME" DATE,
  "DELETED" NUMBER(1,0),
  "VERSION" NUMBER(18,0),
  CONSTRAINT "SYS_C0017180" PRIMARY KEY ("ID"),
  CONSTRAINT "SYS_C0017179" CHECK ("ID" IS NOT NULL) NOT DEFERRABLE INITIALLY IMMEDIATE NORELY VALIDATE
)
LOGGING
NOCOMPRESS
PARALLEL 1
NOCACHE
DISABLE ROW MOVEMENT
;

COMMENT ON COLUMN "T_APP_CONFIG_DATA"."ID" IS '主键';

COMMENT ON COLUMN "T_APP_CONFIG_DATA"."CONFIG_DATA_KEY" IS '配置JSON KEY';

COMMENT ON COLUMN "T_APP_CONFIG_DATA"."CONFIG_DATA_TYPE" IS '配置数据的类型，从HBP，文件，或者自定义获取value';

COMMENT ON COLUMN "T_APP_CONFIG_DATA"."CONFIG_DATA_VALUE" IS '配置的JSON数据';

COMMENT ON COLUMN "T_APP_CONFIG_DATA"."CONFIG_DATA_STORE_STATE" IS '配置数据的存储状态，DEPOLY（发布），SAVE（存储），SAVE_TEMP（暂存）';

COMMENT ON COLUMN "T_APP_CONFIG_DATA"."CONFIG_VERSION_ID" IS '配置的版本ID';

COMMENT ON COLUMN "T_APP_CONFIG_DATA"."CREATE_BY" IS '创建人';

COMMENT ON COLUMN "T_APP_CONFIG_DATA"."CREATE_TIME" IS '创建时间';

COMMENT ON COLUMN "T_APP_CONFIG_DATA"."UPDATE_BY" IS '更新人';

COMMENT ON COLUMN "T_APP_CONFIG_DATA"."UPDATE_TIME" IS '更新时间';

COMMENT ON COLUMN "T_APP_CONFIG_DATA"."DELETED" IS '删除标识';

COMMENT ON COLUMN "T_APP_CONFIG_DATA"."VERSION" IS '乐观锁标识';

COMMENT ON TABLE "T_APP_CONFIG_DATA" IS '应用配置数据';

CREATE TABLE "T_APP_CONFIG_VERSION" (
  "ID" VARCHAR2(64 BYTE) NOT NULL,
  "CONFIG_VERSION" VARCHAR2(64 BYTE),
  "CONFIG_VERSION_STATUS" VARCHAR2(64 BYTE),
  "CREATE_BY" VARCHAR2(64 BYTE),
  "CREATE_TIME" DATE,
  "UPDATE_BY" VARCHAR2(64 BYTE),
  "UPDATE_TIME" DATE,
  "DELETED" NUMBER(1,0),
  "VERSION" NUMBER(18,0),
  "CONFIG_ID" VARCHAR2(64 BYTE),
  CONSTRAINT "SYS_C0017178" PRIMARY KEY ("ID"),
  CONSTRAINT "SYS_C0017177" CHECK ("ID" IS NOT NULL) NOT DEFERRABLE INITIALLY IMMEDIATE NORELY VALIDATE
)
LOGGING
NOCOMPRESS
PARALLEL 1
NOCACHE
DISABLE ROW MOVEMENT
;

COMMENT ON COLUMN "T_APP_CONFIG_VERSION"."ID" IS '主键';

COMMENT ON COLUMN "T_APP_CONFIG_VERSION"."CONFIG_VERSION" IS '配置版本号';

COMMENT ON COLUMN "T_APP_CONFIG_VERSION"."CONFIG_VERSION_STATUS" IS '配置版本状态';

COMMENT ON COLUMN "T_APP_CONFIG_VERSION"."CREATE_BY" IS '创建人';

COMMENT ON COLUMN "T_APP_CONFIG_VERSION"."CREATE_TIME" IS '创建时间';

COMMENT ON COLUMN "T_APP_CONFIG_VERSION"."UPDATE_BY" IS '更新人';

COMMENT ON COLUMN "T_APP_CONFIG_VERSION"."UPDATE_TIME" IS '更新时间';

COMMENT ON COLUMN "T_APP_CONFIG_VERSION"."DELETED" IS '删除标识';

COMMENT ON COLUMN "T_APP_CONFIG_VERSION"."VERSION" IS '乐观锁标识';

COMMENT ON COLUMN "T_APP_CONFIG_VERSION"."CONFIG_ID" IS '配置ID';

COMMENT ON TABLE "T_APP_CONFIG_VERSION" IS '应用配置版本信息';

CREATE TABLE "T_APP_DATASOURCE" (
  "ID" VARCHAR2(64 BYTE) NOT NULL,
  "DATASOURCE_NAME" VARCHAR2(64 BYTE),
  "DATASOURCE_TYPE" VARCHAR2(64 BYTE),
  "DATASOURCE_CONNECT_NAME" VARCHAR2(64 BYTE),
  "DATASOURCE_IP" VARCHAR2(64 BYTE),
  "DATASOURCE_PORT" VARCHAR2(64 BYTE),
  "DATASOURCE_USERNAME" VARCHAR2(64 BYTE),
  "DATASOURCE_PASSWORD" VARCHAR2(64 BYTE),
  "CREATE_BY" VARCHAR2(64 BYTE),
  "CREATE_TIME" DATE,
  "UPDATE_BY" VARCHAR2(64 BYTE),
  "UPDATE_TIME" DATE,
  "DELETED" NUMBER(1,0),
  "VERSION" NUMBER(18,0),
  CONSTRAINT "SYS_C0017174" PRIMARY KEY ("ID"),
  CONSTRAINT "SYS_C0017173" CHECK ("ID" IS NOT NULL) NOT DEFERRABLE INITIALLY IMMEDIATE NORELY VALIDATE
)
LOGGING
NOCOMPRESS
PARALLEL 1
NOCACHE
DISABLE ROW MOVEMENT
;

COMMENT ON COLUMN "T_APP_DATASOURCE"."ID" IS '主键';

COMMENT ON COLUMN "T_APP_DATASOURCE"."DATASOURCE_NAME" IS '数据源名称';

COMMENT ON COLUMN "T_APP_DATASOURCE"."DATASOURCE_TYPE" IS '数据源类型';

COMMENT ON COLUMN "T_APP_DATASOURCE"."DATASOURCE_CONNECT_NAME" IS '数据源连接名称';

COMMENT ON COLUMN "T_APP_DATASOURCE"."DATASOURCE_IP" IS '数据源IP';

COMMENT ON COLUMN "T_APP_DATASOURCE"."DATASOURCE_PORT" IS '数据源端口';

COMMENT ON COLUMN "T_APP_DATASOURCE"."DATASOURCE_USERNAME" IS '数据源用户名';

COMMENT ON COLUMN "T_APP_DATASOURCE"."DATASOURCE_PASSWORD" IS '数据源密码';

COMMENT ON COLUMN "T_APP_DATASOURCE"."CREATE_BY" IS '创建人';

COMMENT ON COLUMN "T_APP_DATASOURCE"."CREATE_TIME" IS '创建时间';

COMMENT ON COLUMN "T_APP_DATASOURCE"."UPDATE_BY" IS '更新人';

COMMENT ON COLUMN "T_APP_DATASOURCE"."UPDATE_TIME" IS '更新时间';

COMMENT ON COLUMN "T_APP_DATASOURCE"."DELETED" IS '删除标识';

COMMENT ON COLUMN "T_APP_DATASOURCE"."VERSION" IS '乐观锁标识';

COMMENT ON TABLE "T_APP_DATASOURCE" IS '应用数据源';

CREATE TABLE "T_APP_SERVER" (
  "ID" VARCHAR2(64 BYTE) NOT NULL,
  "SERVER_CODE" VARCHAR2(64 BYTE),
  "SERVER_NAME" VARCHAR2(64 BYTE),
  "SERVER_IP" VARCHAR2(64 BYTE),
  "SERVER_PORT" NUMBER(18,0),
  "SERVER_STATE" NUMBER(18,0),
  "SERVER_VERSION" VARCHAR2(64 BYTE),
  "DATA_SOURCE_ID" VARCHAR2(64 BYTE),
  "CREATE_BY" VARCHAR2(64 BYTE),
  "CREATE_TIME" DATE,
  "UPDATE_BY" VARCHAR2(64 BYTE),
  "UPDATE_TIME" DATE,
  "DELETED" NUMBER(1,0),
  "VERSION" NUMBER(18,0),
  "SYSTEM_ID" VARCHAR2(64 BYTE),
  "SYSTEM_NAME" VARCHAR2(64 BYTE),
  CONSTRAINT "SYS_C0017172" PRIMARY KEY ("ID"),
  CONSTRAINT "SYS_C0017171" CHECK ("ID" IS NOT NULL) NOT DEFERRABLE INITIALLY IMMEDIATE NORELY VALIDATE
)
LOGGING
NOCOMPRESS
PARALLEL 1
NOCACHE
DISABLE ROW MOVEMENT
;

COMMENT ON COLUMN "T_APP_SERVER"."ID" IS '主键';

COMMENT ON COLUMN "T_APP_SERVER"."SERVER_CODE" IS '服务code';

COMMENT ON COLUMN "T_APP_SERVER"."SERVER_NAME" IS '服务名称';

COMMENT ON COLUMN "T_APP_SERVER"."SERVER_IP" IS '服务ip';

COMMENT ON COLUMN "T_APP_SERVER"."SERVER_PORT" IS '服务端口';

COMMENT ON COLUMN "T_APP_SERVER"."SERVER_STATE" IS '服务状态，0关机，1.开始，2.异常';

COMMENT ON COLUMN "T_APP_SERVER"."SERVER_VERSION" IS '服务版本';

COMMENT ON COLUMN "T_APP_SERVER"."DATA_SOURCE_ID" IS '数据源ID';

COMMENT ON COLUMN "T_APP_SERVER"."CREATE_BY" IS '创建人';

COMMENT ON COLUMN "T_APP_SERVER"."CREATE_TIME" IS '创建时间';

COMMENT ON COLUMN "T_APP_SERVER"."UPDATE_BY" IS '更新人';

COMMENT ON COLUMN "T_APP_SERVER"."UPDATE_TIME" IS '更新时间';

COMMENT ON COLUMN "T_APP_SERVER"."DELETED" IS '删除标识';

COMMENT ON COLUMN "T_APP_SERVER"."VERSION" IS '乐观锁标识';

COMMENT ON COLUMN "T_APP_SERVER"."SYSTEM_ID" IS '系统ID/项目ID';

COMMENT ON COLUMN "T_APP_SERVER"."SYSTEM_NAME" IS '系统名/项目名';

COMMENT ON TABLE "T_APP_SERVER" IS '应用服务';

INSERT INTO "T_APP_CONFIG"("ID", "CONFIG_NAME", "CONFIG_KEY", "ROLE_ID", "SERVER_ID", "CONFIG_JSON", "CONFIG_VERSION_ID", "CREATE_BY", "CREATE_TIME", "UPDATE_BY", "UPDATE_TIME", "DELETED", "VERSION") VALUES ('1327160140873043969', 'string', 'string', 'string', 'string', 'string', 'string', '1', TO_DATE('2020-11-13 16:03:29', 'SYYYY-MM-DD HH24:MI:SS'), '1', TO_DATE('2020-11-13 16:03:29', 'SYYYY-MM-DD HH24:MI:SS'), '0', '0');

INSERT INTO "T_APP_CONFIG"("ID", "CONFIG_NAME", "CONFIG_KEY", "ROLE_ID", "SERVER_ID", "CONFIG_JSON", "CONFIG_VERSION_ID", "CREATE_BY", "CREATE_TIME", "UPDATE_BY", "UPDATE_TIME", "DELETED", "VERSION") VALUES ('1327163837137022978', 'string', 'DEFAULT', 'string', 'string', '{"212":"","21":"21"}', 'string', '1', TO_DATE('2020-11-13 16:18:10', 'SYYYY-MM-DD HH24:MI:SS'), '1', TO_DATE('2020-11-18 11:43:56', 'SYYYY-MM-DD HH24:MI:SS'), '0', '23');

INSERT INTO "T_APP_CONFIG"("ID", "CONFIG_NAME", "CONFIG_KEY", "ROLE_ID", "SERVER_ID", "CONFIG_JSON", "CONFIG_VERSION_ID", "CREATE_BY", "CREATE_TIME", "UPDATE_BY", "UPDATE_TIME", "DELETED", "VERSION") VALUES ('1327166119710806017', 'string', 'string', 'string', '1327095788396572673', 'string', 'string', '1', TO_DATE('2020-11-13 16:27:15', 'SYYYY-MM-DD HH24:MI:SS'), '1', TO_DATE('2020-11-13 16:27:15', 'SYYYY-MM-DD HH24:MI:SS'), '0', '0');

INSERT INTO "T_APP_CONFIG"("ID", "CONFIG_NAME", "CONFIG_KEY", "ROLE_ID", "SERVER_ID", "CONFIG_JSON", "CONFIG_VERSION_ID", "CREATE_BY", "CREATE_TIME", "UPDATE_BY", "UPDATE_TIME", "DELETED", "VERSION") VALUES ('1328995297452048386', '121', '21', NULL, '1328952450422120449', '{}', NULL, '1', TO_DATE('2020-11-18 17:35:45', 'SYYYY-MM-DD HH24:MI:SS'), '1', TO_DATE('2020-11-18 19:34:47', 'SYYYY-MM-DD HH24:MI:SS'), '1', '1');

INSERT INTO "T_APP_CONFIG"("ID", "CONFIG_NAME", "CONFIG_KEY", "ROLE_ID", "SERVER_ID", "CONFIG_JSON", "CONFIG_VERSION_ID", "CREATE_BY", "CREATE_TIME", "UPDATE_BY", "UPDATE_TIME", "DELETED", "VERSION") VALUES ('1328995379693961217', '21', '21', NULL, '1328952450422120449', NULL, NULL, '1', TO_DATE('2020-11-18 17:36:04', 'SYYYY-MM-DD HH24:MI:SS'), '1', TO_DATE('2020-11-18 17:36:04', 'SYYYY-MM-DD HH24:MI:SS'), '1', '0');

INSERT INTO "T_APP_CONFIG"("ID", "CONFIG_NAME", "CONFIG_KEY", "ROLE_ID", "SERVER_ID", "CONFIG_JSON", "CONFIG_VERSION_ID", "CREATE_BY", "CREATE_TIME", "UPDATE_BY", "UPDATE_TIME", "DELETED", "VERSION") VALUES ('1328999308183965697', '3232', '323', NULL, '1328964641053343745', '{"4343":{"212":2121}}', NULL, '1', TO_DATE('2020-11-18 17:51:41', 'SYYYY-MM-DD HH24:MI:SS'), '1', TO_DATE('2020-11-18 17:54:57', 'SYYYY-MM-DD HH24:MI:SS'), '1', '3');

INSERT INTO "T_APP_CONFIG"("ID", "CONFIG_NAME", "CONFIG_KEY", "ROLE_ID", "SERVER_ID", "CONFIG_JSON", "CONFIG_VERSION_ID", "CREATE_BY", "CREATE_TIME", "UPDATE_BY", "UPDATE_TIME", "DELETED", "VERSION") VALUES ('1329029997226868738', '3232', '3232', NULL, '1328952450422120449', NULL, NULL, '1', TO_DATE('2020-11-18 19:53:38', 'SYYYY-MM-DD HH24:MI:SS'), '1', TO_DATE('2020-11-18 19:53:38', 'SYYYY-MM-DD HH24:MI:SS'), '1', '0');

INSERT INTO "T_APP_CONFIG"("ID", "CONFIG_NAME", "CONFIG_KEY", "ROLE_ID", "SERVER_ID", "CONFIG_JSON", "CONFIG_VERSION_ID", "CREATE_BY", "CREATE_TIME", "UPDATE_BY", "UPDATE_TIME", "DELETED", "VERSION") VALUES ('1329030683951874050', '43', '43', NULL, '1328952450422120449', NULL, NULL, '1', TO_DATE('2020-11-18 19:56:21', 'SYYYY-MM-DD HH24:MI:SS'), '1', TO_DATE('2020-11-18 19:56:21', 'SYYYY-MM-DD HH24:MI:SS'), '1', '0');

INSERT INTO "T_APP_CONFIG"("ID", "CONFIG_NAME", "CONFIG_KEY", "ROLE_ID", "SERVER_ID", "CONFIG_JSON", "CONFIG_VERSION_ID", "CREATE_BY", "CREATE_TIME", "UPDATE_BY", "UPDATE_TIME", "DELETED", "VERSION") VALUES ('1329030779074494466', '76', '76', NULL, '1328952450422120449', NULL, NULL, '1', TO_DATE('2020-11-18 19:56:44', 'SYYYY-MM-DD HH24:MI:SS'), '1', TO_DATE('2020-11-18 19:56:44', 'SYYYY-MM-DD HH24:MI:SS'), '1', '0');

INSERT INTO "T_APP_CONFIG"("ID", "CONFIG_NAME", "CONFIG_KEY", "ROLE_ID", "SERVER_ID", "CONFIG_JSON", "CONFIG_VERSION_ID", "CREATE_BY", "CREATE_TIME", "UPDATE_BY", "UPDATE_TIME", "DELETED", "VERSION") VALUES ('1329030853372395522', '43', '43', NULL, '1328952450422120449', NULL, NULL, '1', TO_DATE('2020-11-18 19:57:02', 'SYYYY-MM-DD HH24:MI:SS'), '1', TO_DATE('2020-11-18 19:57:02', 'SYYYY-MM-DD HH24:MI:SS'), '1', '0');

INSERT INTO "T_APP_CONFIG"("ID", "CONFIG_NAME", "CONFIG_KEY", "ROLE_ID", "SERVER_ID", "CONFIG_JSON", "CONFIG_VERSION_ID", "CREATE_BY", "CREATE_TIME", "UPDATE_BY", "UPDATE_TIME", "DELETED", "VERSION") VALUES ('1329030981181227010', '32', '32', NULL, '1328952450422120449', NULL, NULL, '1', TO_DATE('2020-11-18 19:57:32', 'SYYYY-MM-DD HH24:MI:SS'), '1', TO_DATE('2020-11-18 19:57:32', 'SYYYY-MM-DD HH24:MI:SS'), '1', '0');

INSERT INTO "T_APP_CONFIG"("ID", "CONFIG_NAME", "CONFIG_KEY", "ROLE_ID", "SERVER_ID", "CONFIG_JSON", "CONFIG_VERSION_ID", "CREATE_BY", "CREATE_TIME", "UPDATE_BY", "UPDATE_TIME", "DELETED", "VERSION") VALUES ('1329031084658900993', '32', '32', NULL, '1328952558769381377', '{"3232":""}', NULL, '1', TO_DATE('2020-11-18 19:57:57', 'SYYYY-MM-DD HH24:MI:SS'), '1', TO_DATE('2020-11-18 20:00:49', 'SYYYY-MM-DD HH24:MI:SS'), '1', '3');

INSERT INTO "T_APP_CONFIG"("ID", "CONFIG_NAME", "CONFIG_KEY", "ROLE_ID", "SERVER_ID", "CONFIG_JSON", "CONFIG_VERSION_ID", "CREATE_BY", "CREATE_TIME", "UPDATE_BY", "UPDATE_TIME", "DELETED", "VERSION") VALUES ('1329032094374674434', '32', '32', NULL, '1328952450422120449', '{}', '1329373036340289538', '1', TO_DATE('2020-11-18 20:01:58', 'SYYYY-MM-DD HH24:MI:SS'), '1', TO_DATE('2020-11-23 14:40:18', 'SYYYY-MM-DD HH24:MI:SS'), '0', '15');

INSERT INTO "T_APP_CONFIG"("ID", "CONFIG_NAME", "CONFIG_KEY", "ROLE_ID", "SERVER_ID", "CONFIG_JSON", "CONFIG_VERSION_ID", "CREATE_BY", "CREATE_TIME", "UPDATE_BY", "UPDATE_TIME", "DELETED", "VERSION") VALUES ('1329248730243276801', '32', '32', NULL, '1329248730092281857', NULL, NULL, '1', TO_DATE('2020-11-19 10:22:48', 'SYYYY-MM-DD HH24:MI:SS'), '1', TO_DATE('2020-11-19 10:22:48', 'SYYYY-MM-DD HH24:MI:SS'), '1', '0');

INSERT INTO "T_APP_CONFIG"("ID", "CONFIG_NAME", "CONFIG_KEY", "ROLE_ID", "SERVER_ID", "CONFIG_JSON", "CONFIG_VERSION_ID", "CREATE_BY", "CREATE_TIME", "UPDATE_BY", "UPDATE_TIME", "DELETED", "VERSION") VALUES ('1329248842503823361', 'test', 'test', NULL, '1328952450422120449', '{"12":"32","3232":""}', '1329725536125837313', '1', TO_DATE('2020-11-19 10:23:14', 'SYYYY-MM-DD HH24:MI:SS'), '1', TO_DATE('2020-11-20 18:13:49', 'SYYYY-MM-DD HH24:MI:SS'), '1', '36');

INSERT INTO "T_APP_CONFIG"("ID", "CONFIG_NAME", "CONFIG_KEY", "ROLE_ID", "SERVER_ID", "CONFIG_JSON", "CONFIG_VERSION_ID", "CREATE_BY", "CREATE_TIME", "UPDATE_BY", "UPDATE_TIME", "DELETED", "VERSION") VALUES ('1329248884572692482', '32', '323', NULL, '1328952558769381377', '{"3232":{}}', NULL, '1', TO_DATE('2020-11-19 10:23:24', 'SYYYY-MM-DD HH24:MI:SS'), '1', TO_DATE('2020-11-19 10:23:40', 'SYYYY-MM-DD HH24:MI:SS'), '0', '1');

INSERT INTO "T_APP_CONFIG"("ID", "CONFIG_NAME", "CONFIG_KEY", "ROLE_ID", "SERVER_ID", "CONFIG_JSON", "CONFIG_VERSION_ID", "CREATE_BY", "CREATE_TIME", "UPDATE_BY", "UPDATE_TIME", "DELETED", "VERSION") VALUES ('1329271977085116417', '32', '32', NULL, '1329271976942510081', NULL, NULL, '1', TO_DATE('2020-11-19 11:55:10', 'SYYYY-MM-DD HH24:MI:SS'), '1', TO_DATE('2020-11-19 11:55:10', 'SYYYY-MM-DD HH24:MI:SS'), '1', '0');

INSERT INTO "T_APP_CONFIG"("ID", "CONFIG_NAME", "CONFIG_KEY", "ROLE_ID", "SERVER_ID", "CONFIG_JSON", "CONFIG_VERSION_ID", "CREATE_BY", "CREATE_TIME", "UPDATE_BY", "UPDATE_TIME", "DELETED", "VERSION") VALUES ('1329315063576371201', '32', '32', NULL, '1329315063425376257', NULL, NULL, '1', TO_DATE('2020-11-19 14:46:23', 'SYYYY-MM-DD HH24:MI:SS'), '1', TO_DATE('2020-11-19 14:46:23', 'SYYYY-MM-DD HH24:MI:SS'), '1', '0');

INSERT INTO "T_APP_CONFIG"("ID", "CONFIG_NAME", "CONFIG_KEY", "ROLE_ID", "SERVER_ID", "CONFIG_JSON", "CONFIG_VERSION_ID", "CREATE_BY", "CREATE_TIME", "UPDATE_BY", "UPDATE_TIME", "DELETED", "VERSION") VALUES ('1329358296410996737', '32', '32', NULL, '1329358296062869506', '{}', NULL, '1', TO_DATE('2020-11-19 17:38:10', 'SYYYY-MM-DD HH24:MI:SS'), '1', TO_DATE('2020-11-19 17:38:43', 'SYYYY-MM-DD HH24:MI:SS'), '1', '1');

INSERT INTO "T_APP_CONFIG"("ID", "CONFIG_NAME", "CONFIG_KEY", "ROLE_ID", "SERVER_ID", "CONFIG_JSON", "CONFIG_VERSION_ID", "CREATE_BY", "CREATE_TIME", "UPDATE_BY", "UPDATE_TIME", "DELETED", "VERSION") VALUES ('1329358307551068162', 'test', 'test', NULL, '1329358296062869506', '{}', NULL, '1', TO_DATE('2020-11-19 17:38:13', 'SYYYY-MM-DD HH24:MI:SS'), '1', TO_DATE('2020-11-19 17:38:39', 'SYYYY-MM-DD HH24:MI:SS'), '1', '1');

INSERT INTO "T_APP_CONFIG"("ID", "CONFIG_NAME", "CONFIG_KEY", "ROLE_ID", "SERVER_ID", "CONFIG_JSON", "CONFIG_VERSION_ID", "CREATE_BY", "CREATE_TIME", "UPDATE_BY", "UPDATE_TIME", "DELETED", "VERSION") VALUES ('1329358542960574466', '43', '43321', NULL, '1329327875526742018', '{"3232":"3232323"}', NULL, '1', TO_DATE('2020-11-19 17:39:09', 'SYYYY-MM-DD HH24:MI:SS'), '1', TO_DATE('2020-11-20 09:09:44', 'SYYYY-MM-DD HH24:MI:SS'), '1', '3');

INSERT INTO "T_APP_CONFIG"("ID", "CONFIG_NAME", "CONFIG_KEY", "ROLE_ID", "SERVER_ID", "CONFIG_JSON", "CONFIG_VERSION_ID", "CREATE_BY", "CREATE_TIME", "UPDATE_BY", "UPDATE_TIME", "DELETED", "VERSION") VALUES ('1329362225895030785', '32', '32', NULL, '1329362225752424449', '{null:"","66665":"{3：3232}"}', '1329362772555448321', '1', TO_DATE('2020-11-19 17:53:47', 'SYYYY-MM-DD HH24:MI:SS'), '1', TO_DATE('2020-11-19 17:55:58', 'SYYYY-MM-DD HH24:MI:SS'), '0', '2');

INSERT INTO "T_APP_CONFIG"("ID", "CONFIG_NAME", "CONFIG_KEY", "ROLE_ID", "SERVER_ID", "CONFIG_JSON", "CONFIG_VERSION_ID", "CREATE_BY", "CREATE_TIME", "UPDATE_BY", "UPDATE_TIME", "DELETED", "VERSION") VALUES ('1329362226582896642', 'test', 'test', NULL, '1329362225752424449', '{}', NULL, '1', TO_DATE('2020-11-19 17:53:47', 'SYYYY-MM-DD HH24:MI:SS'), '1', TO_DATE('2020-11-19 18:24:04', 'SYYYY-MM-DD HH24:MI:SS'), '0', '1');

INSERT INTO "T_APP_CONFIG"("ID", "CONFIG_NAME", "CONFIG_KEY", "ROLE_ID", "SERVER_ID", "CONFIG_JSON", "CONFIG_VERSION_ID", "CREATE_BY", "CREATE_TIME", "UPDATE_BY", "UPDATE_TIME", "DELETED", "VERSION") VALUES ('1329685329041043458', '32', '32', NULL, '1329685328894242817', '{}', NULL, '1', TO_DATE('2020-11-20 15:17:41', 'SYYYY-MM-DD HH24:MI:SS'), '1', TO_DATE('2020-11-23 14:41:41', 'SYYYY-MM-DD HH24:MI:SS'), '0', '1');

INSERT INTO "T_APP_CONFIG"("ID", "CONFIG_NAME", "CONFIG_KEY", "ROLE_ID", "SERVER_ID", "CONFIG_JSON", "CONFIG_VERSION_ID", "CREATE_BY", "CREATE_TIME", "UPDATE_BY", "UPDATE_TIME", "DELETED", "VERSION") VALUES ('1329692683807633409', '3212', '3221', NULL, '1329685328894242817', '{"321":{"212":2121},"3232":"3232"}', NULL, '1', TO_DATE('2020-11-20 15:46:55', 'SYYYY-MM-DD HH24:MI:SS'), '1', TO_DATE('2020-11-23 11:07:00', 'SYYYY-MM-DD HH24:MI:SS'), '0', '1');

INSERT INTO "T_APP_CONFIG"("ID", "CONFIG_NAME", "CONFIG_KEY", "ROLE_ID", "SERVER_ID", "CONFIG_JSON", "CONFIG_VERSION_ID", "CREATE_BY", "CREATE_TIME", "UPDATE_BY", "UPDATE_TIME", "DELETED", "VERSION") VALUES ('1330763228968083458', '44444444', '44', NULL, '1329685328894242817', NULL, NULL, '1', TO_DATE('2020-11-23 14:40:52', 'SYYYY-MM-DD HH24:MI:SS'), '1', TO_DATE('2020-11-23 14:40:52', 'SYYYY-MM-DD HH24:MI:SS'), '0', '0');

INSERT INTO "T_APP_CONFIG_DATA"("ID", "CONFIG_DATA_KEY", "CONFIG_DATA_TYPE", "CONFIG_DATA_VALUE", "CONFIG_DATA_STORE_STATE", "CONFIG_VERSION_ID", "CREATE_BY", "CREATE_TIME", "UPDATE_BY", "UPDATE_TIME", "DELETED", "VERSION") VALUES ('1328250006545309697', 'string', 'CUSTOM', 'string', 'SAVE_TEMP', '1326825533506048002', '1', TO_DATE('2020-11-16 16:14:13', 'SYYYY-MM-DD HH24:MI:SS'), '1', TO_DATE('2020-11-16 16:14:13', 'SYYYY-MM-DD HH24:MI:SS'), '1', '0');

INSERT INTO "T_APP_CONFIG_DATA"("ID", "CONFIG_DATA_KEY", "CONFIG_DATA_TYPE", "CONFIG_DATA_VALUE", "CONFIG_DATA_STORE_STATE", "CONFIG_VERSION_ID", "CREATE_BY", "CREATE_TIME", "UPDATE_BY", "UPDATE_TIME", "DELETED", "VERSION") VALUES ('1328547782739083266', 'string', 'string', 'string', 'string', 'string', '1', TO_DATE('2020-11-17 11:57:29', 'SYYYY-MM-DD HH24:MI:SS'), '1', TO_DATE('2020-11-17 11:57:29', 'SYYYY-MM-DD HH24:MI:SS'), '0', '0');

INSERT INTO "T_APP_CONFIG_DATA"("ID", "CONFIG_DATA_KEY", "CONFIG_DATA_TYPE", "CONFIG_DATA_VALUE", "CONFIG_DATA_STORE_STATE", "CONFIG_VERSION_ID", "CREATE_BY", "CREATE_TIME", "UPDATE_BY", "UPDATE_TIME", "DELETED", "VERSION") VALUES ('1328548121043144705', 'string', 'string', 'string', 'string', 'string', '1', TO_DATE('2020-11-17 11:58:49', 'SYYYY-MM-DD HH24:MI:SS'), '1', TO_DATE('2020-11-17 11:58:49', 'SYYYY-MM-DD HH24:MI:SS'), '0', '0');

INSERT INTO "T_APP_CONFIG_DATA"("ID", "CONFIG_DATA_KEY", "CONFIG_DATA_TYPE", "CONFIG_DATA_VALUE", "CONFIG_DATA_STORE_STATE", "CONFIG_VERSION_ID", "CREATE_BY", "CREATE_TIME", "UPDATE_BY", "UPDATE_TIME", "DELETED", "VERSION") VALUES ('1328675606875570177', NULL, NULL, NULL, NULL, NULL, '1', TO_DATE('2020-11-17 20:25:24', 'SYYYY-MM-DD HH24:MI:SS'), '1', TO_DATE('2020-11-17 20:25:24', 'SYYYY-MM-DD HH24:MI:SS'), '0', '0');

INSERT INTO "T_APP_CONFIG_DATA"("ID", "CONFIG_DATA_KEY", "CONFIG_DATA_TYPE", "CONFIG_DATA_VALUE", "CONFIG_DATA_STORE_STATE", "CONFIG_VERSION_ID", "CREATE_BY", "CREATE_TIME", "UPDATE_BY", "UPDATE_TIME", "DELETED", "VERSION") VALUES ('1328676969986621442', NULL, NULL, NULL, NULL, NULL, '1', TO_DATE('2020-11-17 20:30:49', 'SYYYY-MM-DD HH24:MI:SS'), '1', TO_DATE('2020-11-17 20:30:49', 'SYYYY-MM-DD HH24:MI:SS'), '0', '0');

INSERT INTO "T_APP_CONFIG_DATA"("ID", "CONFIG_DATA_KEY", "CONFIG_DATA_TYPE", "CONFIG_DATA_VALUE", "CONFIG_DATA_STORE_STATE", "CONFIG_VERSION_ID", "CREATE_BY", "CREATE_TIME", "UPDATE_BY", "UPDATE_TIME", "DELETED", "VERSION") VALUES ('1328677226619305986', NULL, NULL, NULL, NULL, NULL, '1', TO_DATE('2020-11-17 20:31:51', 'SYYYY-MM-DD HH24:MI:SS'), '1', TO_DATE('2020-11-17 20:31:51', 'SYYYY-MM-DD HH24:MI:SS'), '0', '0');

INSERT INTO "T_APP_CONFIG_DATA"("ID", "CONFIG_DATA_KEY", "CONFIG_DATA_TYPE", "CONFIG_DATA_VALUE", "CONFIG_DATA_STORE_STATE", "CONFIG_VERSION_ID", "CREATE_BY", "CREATE_TIME", "UPDATE_BY", "UPDATE_TIME", "DELETED", "VERSION") VALUES ('1328682361470803969', NULL, 'CUSTOM', '{key: 123}', 'SAVE', '1328677016652447745', '1', TO_DATE('2020-11-17 20:52:15', 'SYYYY-MM-DD HH24:MI:SS'), '1', TO_DATE('2020-11-17 23:22:09', 'SYYYY-MM-DD HH24:MI:SS'), '0', '1');

INSERT INTO "T_APP_CONFIG_DATA"("ID", "CONFIG_DATA_KEY", "CONFIG_DATA_TYPE", "CONFIG_DATA_VALUE", "CONFIG_DATA_STORE_STATE", "CONFIG_VERSION_ID", "CREATE_BY", "CREATE_TIME", "UPDATE_BY", "UPDATE_TIME", "DELETED", "VERSION") VALUES ('1328688321555816450', NULL, 'CUSTOM', '2121', 'SAVE', '1326825533506048002', '1', TO_DATE('2020-11-17 21:15:56', 'SYYYY-MM-DD HH24:MI:SS'), '1', TO_DATE('2020-11-17 21:15:56', 'SYYYY-MM-DD HH24:MI:SS'), '1', '0');

INSERT INTO "T_APP_CONFIG_DATA"("ID", "CONFIG_DATA_KEY", "CONFIG_DATA_TYPE", "CONFIG_DATA_VALUE", "CONFIG_DATA_STORE_STATE", "CONFIG_VERSION_ID", "CREATE_BY", "CREATE_TIME", "UPDATE_BY", "UPDATE_TIME", "DELETED", "VERSION") VALUES ('1328691237251428354', NULL, 'CUSTOM', '21', 'DEPLOY', '1326825533506048002', '1', TO_DATE('2020-11-17 21:27:31', 'SYYYY-MM-DD HH24:MI:SS'), '1', TO_DATE('2020-11-18 09:33:54', 'SYYYY-MM-DD HH24:MI:SS'), '0', '1');

INSERT INTO "T_APP_CONFIG_DATA"("ID", "CONFIG_DATA_KEY", "CONFIG_DATA_TYPE", "CONFIG_DATA_VALUE", "CONFIG_DATA_STORE_STATE", "CONFIG_VERSION_ID", "CREATE_BY", "CREATE_TIME", "UPDATE_BY", "UPDATE_TIME", "DELETED", "VERSION") VALUES ('1328701085804351489', NULL, 'CUSTOM', '12323', 'DEPLOY', '1328691224504938497', '1', TO_DATE('2020-11-17 22:06:39', 'SYYYY-MM-DD HH24:MI:SS'), '1', TO_DATE('2020-11-17 22:40:02', 'SYYYY-MM-DD HH24:MI:SS'), '0', '1');

INSERT INTO "T_APP_CONFIG_DATA"("ID", "CONFIG_DATA_KEY", "CONFIG_DATA_TYPE", "CONFIG_DATA_VALUE", "CONFIG_DATA_STORE_STATE", "CONFIG_VERSION_ID", "CREATE_BY", "CREATE_TIME", "UPDATE_BY", "UPDATE_TIME", "DELETED", "VERSION") VALUES ('1328719893524840450', NULL, 'CUSTOM', NULL, 'SAVE_TEMP', '1328691224504938497', '1', TO_DATE('2020-11-17 23:21:23', 'SYYYY-MM-DD HH24:MI:SS'), '1', TO_DATE('2020-11-18 09:15:24', 'SYYYY-MM-DD HH24:MI:SS'), '0', '1');

INSERT INTO "T_APP_CONFIG_DATA"("ID", "CONFIG_DATA_KEY", "CONFIG_DATA_TYPE", "CONFIG_DATA_VALUE", "CONFIG_DATA_STORE_STATE", "CONFIG_VERSION_ID", "CREATE_BY", "CREATE_TIME", "UPDATE_BY", "UPDATE_TIME", "DELETED", "VERSION") VALUES ('1328719910042009602', NULL, 'CUSTOM', NULL, 'SAVE_TEMP', '1328691224504938497', '1', TO_DATE('2020-11-17 23:21:27', 'SYYYY-MM-DD HH24:MI:SS'), '1', TO_DATE('2020-11-18 09:15:23', 'SYYYY-MM-DD HH24:MI:SS'), '0', '1');

INSERT INTO "T_APP_CONFIG_DATA"("ID", "CONFIG_DATA_KEY", "CONFIG_DATA_TYPE", "CONFIG_DATA_VALUE", "CONFIG_DATA_STORE_STATE", "CONFIG_VERSION_ID", "CREATE_BY", "CREATE_TIME", "UPDATE_BY", "UPDATE_TIME", "DELETED", "VERSION") VALUES ('1328719910188810241', NULL, 'CUSTOM', NULL, 'SAVE_TEMP', '1328691224504938497', '1', TO_DATE('2020-11-17 23:21:27', 'SYYYY-MM-DD HH24:MI:SS'), '1', TO_DATE('2020-11-18 09:15:23', 'SYYYY-MM-DD HH24:MI:SS'), '0', '1');

INSERT INTO "T_APP_CONFIG_DATA"("ID", "CONFIG_DATA_KEY", "CONFIG_DATA_TYPE", "CONFIG_DATA_VALUE", "CONFIG_DATA_STORE_STATE", "CONFIG_VERSION_ID", "CREATE_BY", "CREATE_TIME", "UPDATE_BY", "UPDATE_TIME", "DELETED", "VERSION") VALUES ('1328719918267039746', NULL, 'CUSTOM', NULL, 'SAVE_TEMP', '1328691224504938497', '1', TO_DATE('2020-11-17 23:21:29', 'SYYYY-MM-DD HH24:MI:SS'), '1', TO_DATE('2020-11-18 09:15:23', 'SYYYY-MM-DD HH24:MI:SS'), '0', '1');

INSERT INTO "T_APP_CONFIG_DATA"("ID", "CONFIG_DATA_KEY", "CONFIG_DATA_TYPE", "CONFIG_DATA_VALUE", "CONFIG_DATA_STORE_STATE", "CONFIG_VERSION_ID", "CREATE_BY", "CREATE_TIME", "UPDATE_BY", "UPDATE_TIME", "DELETED", "VERSION") VALUES ('1328873437561339906', NULL, 'CUSTOM', NULL, 'SAVE_TEMP', '1328701079936520193', '1', TO_DATE('2020-11-18 09:31:31', 'SYYYY-MM-DD HH24:MI:SS'), '1', TO_DATE('2020-11-18 09:31:39', 'SYYYY-MM-DD HH24:MI:SS'), '0', '1');

INSERT INTO "T_APP_CONFIG_DATA"("ID", "CONFIG_DATA_KEY", "CONFIG_DATA_TYPE", "CONFIG_DATA_VALUE", "CONFIG_DATA_STORE_STATE", "CONFIG_VERSION_ID", "CREATE_BY", "CREATE_TIME", "UPDATE_BY", "UPDATE_TIME", "DELETED", "VERSION") VALUES ('1328890512405037057', '21', 'SAVE', '21', 'SAVE_TEMP', '1328904750502768642', '1', TO_DATE('2020-11-18 10:39:22', 'SYYYY-MM-DD HH24:MI:SS'), '1', TO_DATE('2020-11-18 11:37:03', 'SYYYY-MM-DD HH24:MI:SS'), '0', '5');

INSERT INTO "T_APP_CONFIG_DATA"("ID", "CONFIG_DATA_KEY", "CONFIG_DATA_TYPE", "CONFIG_DATA_VALUE", "CONFIG_DATA_STORE_STATE", "CONFIG_VERSION_ID", "CREATE_BY", "CREATE_TIME", "UPDATE_BY", "UPDATE_TIME", "DELETED", "VERSION") VALUES ('1328903334371393538', NULL, 'CUSTOM', NULL, 'SAVE_TEMP', '1328897470147280897', '1', TO_DATE('2020-11-18 11:30:19', 'SYYYY-MM-DD HH24:MI:SS'), '1', TO_DATE('2020-11-18 11:30:19', 'SYYYY-MM-DD HH24:MI:SS'), '0', '0');

INSERT INTO "T_APP_CONFIG_DATA"("ID", "CONFIG_DATA_KEY", "CONFIG_DATA_TYPE", "CONFIG_DATA_VALUE", "CONFIG_DATA_STORE_STATE", "CONFIG_VERSION_ID", "CREATE_BY", "CREATE_TIME", "UPDATE_BY", "UPDATE_TIME", "DELETED", "VERSION") VALUES ('1328903465942515714', '21', 'CUSTOM', NULL, 'SAVE_TEMP', '1328709903972007937', '1', TO_DATE('2020-11-18 11:30:50', 'SYYYY-MM-DD HH24:MI:SS'), '1', TO_DATE('2020-11-18 11:30:56', 'SYYYY-MM-DD HH24:MI:SS'), '0', '1');

INSERT INTO "T_APP_CONFIG_DATA"("ID", "CONFIG_DATA_KEY", "CONFIG_DATA_TYPE", "CONFIG_DATA_VALUE", "CONFIG_DATA_STORE_STATE", "CONFIG_VERSION_ID", "CREATE_BY", "CREATE_TIME", "UPDATE_BY", "UPDATE_TIME", "DELETED", "VERSION") VALUES ('1328905669357211649', '212', 'CUSTOM', NULL, 'SAVE_TEMP', '1328688137501368321', '1', TO_DATE('2020-11-18 11:39:36', 'SYYYY-MM-DD HH24:MI:SS'), '1', TO_DATE('2020-11-18 11:39:36', 'SYYYY-MM-DD HH24:MI:SS'), '0', '0');

INSERT INTO "T_APP_CONFIG_DATA"("ID", "CONFIG_DATA_KEY", "CONFIG_DATA_TYPE", "CONFIG_DATA_VALUE", "CONFIG_DATA_STORE_STATE", "CONFIG_VERSION_ID", "CREATE_BY", "CREATE_TIME", "UPDATE_BY", "UPDATE_TIME", "DELETED", "VERSION") VALUES ('1328905703008112642', '212', 'SAVE', NULL, 'SAVE_TEMP', '1328905702852923394', '1', TO_DATE('2020-11-18 11:39:44', 'SYYYY-MM-DD HH24:MI:SS'), '1', TO_DATE('2020-11-18 11:39:44', 'SYYYY-MM-DD HH24:MI:SS'), '0', '0');

INSERT INTO "T_APP_CONFIG_DATA"("ID", "CONFIG_DATA_KEY", "CONFIG_DATA_TYPE", "CONFIG_DATA_VALUE", "CONFIG_DATA_STORE_STATE", "CONFIG_VERSION_ID", "CREATE_BY", "CREATE_TIME", "UPDATE_BY", "UPDATE_TIME", "DELETED", "VERSION") VALUES ('1328906150498410498', '212', 'CUSTOM', NULL, 'SAVE', '1328906150217392129', '1', TO_DATE('2020-11-18 11:41:30', 'SYYYY-MM-DD HH24:MI:SS'), '1', TO_DATE('2020-11-18 11:43:56', 'SYYYY-MM-DD HH24:MI:SS'), '0', '3');

INSERT INTO "T_APP_CONFIG_DATA"("ID", "CONFIG_DATA_KEY", "CONFIG_DATA_TYPE", "CONFIG_DATA_VALUE", "CONFIG_DATA_STORE_STATE", "CONFIG_VERSION_ID", "CREATE_BY", "CREATE_TIME", "UPDATE_BY", "UPDATE_TIME", "DELETED", "VERSION") VALUES ('1328906150628433921', '21', 'CUSTOM', '21', 'SAVE', '1328906150217392129', '1', TO_DATE('2020-11-18 11:41:30', 'SYYYY-MM-DD HH24:MI:SS'), '1', TO_DATE('2020-11-18 11:43:56', 'SYYYY-MM-DD HH24:MI:SS'), '0', '3');

INSERT INTO "T_APP_CONFIG_DATA"("ID", "CONFIG_DATA_KEY", "CONFIG_DATA_TYPE", "CONFIG_DATA_VALUE", "CONFIG_DATA_STORE_STATE", "CONFIG_VERSION_ID", "CREATE_BY", "CREATE_TIME", "UPDATE_BY", "UPDATE_TIME", "DELETED", "VERSION") VALUES ('1328999378224648194', '4343', 'CUSTOM', '{212:2121}', 'SAVE_TEMP', '1328999308360126466', '1', TO_DATE('2020-11-18 17:51:58', 'SYYYY-MM-DD HH24:MI:SS'), '1', TO_DATE('2020-11-18 17:54:57', 'SYYYY-MM-DD HH24:MI:SS'), '1', '3');

INSERT INTO "T_APP_CONFIG_DATA"("ID", "CONFIG_DATA_KEY", "CONFIG_DATA_TYPE", "CONFIG_DATA_VALUE", "CONFIG_DATA_STORE_STATE", "CONFIG_VERSION_ID", "CREATE_BY", "CREATE_TIME", "UPDATE_BY", "UPDATE_TIME", "DELETED", "VERSION") VALUES ('1329031784394637313', '3232', 'CUSTOM', NULL, 'SAVE_TEMP', '1329031084797313025', '1', TO_DATE('2020-11-18 20:00:44', 'SYYYY-MM-DD HH24:MI:SS'), '1', TO_DATE('2020-11-18 20:00:49', 'SYYYY-MM-DD HH24:MI:SS'), '1', '1');

INSERT INTO "T_APP_CONFIG_DATA"("ID", "CONFIG_DATA_KEY", "CONFIG_DATA_TYPE", "CONFIG_DATA_VALUE", "CONFIG_DATA_STORE_STATE", "CONFIG_VERSION_ID", "CREATE_BY", "CREATE_TIME", "UPDATE_BY", "UPDATE_TIME", "DELETED", "VERSION") VALUES ('1329033598913462274', NULL, 'CUSTOM', NULL, 'SAVE', '1329033598766661633', '1', TO_DATE('2020-11-18 20:07:56', 'SYYYY-MM-DD HH24:MI:SS'), '1', TO_DATE('2020-11-19 18:36:56', 'SYYYY-MM-DD HH24:MI:SS'), '0', '5');

INSERT INTO "T_APP_CONFIG_DATA"("ID", "CONFIG_DATA_KEY", "CONFIG_DATA_TYPE", "CONFIG_DATA_VALUE", "CONFIG_DATA_STORE_STATE", "CONFIG_VERSION_ID", "CREATE_BY", "CREATE_TIME", "UPDATE_BY", "UPDATE_TIME", "DELETED", "VERSION") VALUES ('1329248939555823617', '3232', 'CUSTOM', '{}
', 'SAVE_TEMP', '1329248884715298817', '1', TO_DATE('2020-11-19 10:23:38', 'SYYYY-MM-DD HH24:MI:SS'), '1', TO_DATE('2020-11-23 14:06:23', 'SYYYY-MM-DD HH24:MI:SS'), '0', '1');

INSERT INTO "T_APP_CONFIG_DATA"("ID", "CONFIG_DATA_KEY", "CONFIG_DATA_TYPE", "CONFIG_DATA_VALUE", "CONFIG_DATA_STORE_STATE", "CONFIG_VERSION_ID", "CREATE_BY", "CREATE_TIME", "UPDATE_BY", "UPDATE_TIME", "DELETED", "VERSION") VALUES ('1329262483491921922', '32', 'CUSTOM', '3232', 'SAVE_TEMP', '1329248842633846785', '1', TO_DATE('2020-11-19 11:17:27', 'SYYYY-MM-DD HH24:MI:SS'), '1', TO_DATE('2020-11-20 17:43:46', 'SYYYY-MM-DD HH24:MI:SS'), '1', '8');

INSERT INTO "T_APP_CONFIG_DATA"("ID", "CONFIG_DATA_KEY", "CONFIG_DATA_TYPE", "CONFIG_DATA_VALUE", "CONFIG_DATA_STORE_STATE", "CONFIG_VERSION_ID", "CREATE_BY", "CREATE_TIME", "UPDATE_BY", "UPDATE_TIME", "DELETED", "VERSION") VALUES ('1329262580023828481', '32323', 'CUSTOM', '3232', 'SAVE_TEMP', '1329248842633846785', '1', TO_DATE('2020-11-19 11:17:50', 'SYYYY-MM-DD HH24:MI:SS'), '1', TO_DATE('2020-11-20 17:43:46', 'SYYYY-MM-DD HH24:MI:SS'), '1', '5');

INSERT INTO "T_APP_CONFIG_DATA"("ID", "CONFIG_DATA_KEY", "CONFIG_DATA_TYPE", "CONFIG_DATA_VALUE", "CONFIG_DATA_STORE_STATE", "CONFIG_VERSION_ID", "CREATE_BY", "CREATE_TIME", "UPDATE_BY", "UPDATE_TIME", "DELETED", "VERSION") VALUES ('1329262600332648449', '32', 'CUSTOM', NULL, 'SAVE', '1329262600173264897', '1', TO_DATE('2020-11-19 11:17:55', 'SYYYY-MM-DD HH24:MI:SS'), '1', TO_DATE('2020-11-19 17:19:47', 'SYYYY-MM-DD HH24:MI:SS'), '1', '4');

INSERT INTO "T_APP_CONFIG_DATA"("ID", "CONFIG_DATA_KEY", "CONFIG_DATA_TYPE", "CONFIG_DATA_VALUE", "CONFIG_DATA_STORE_STATE", "CONFIG_VERSION_ID", "CREATE_BY", "CREATE_TIME", "UPDATE_BY", "UPDATE_TIME", "DELETED", "VERSION") VALUES ('1329262600462671873', '32', 'CUSTOM', '3232', 'SAVE', '1329262600173264897', '1', TO_DATE('2020-11-19 11:17:55', 'SYYYY-MM-DD HH24:MI:SS'), '1', TO_DATE('2020-11-19 17:19:47', 'SYYYY-MM-DD HH24:MI:SS'), '1', '4');

INSERT INTO "T_APP_CONFIG_DATA"("ID", "CONFIG_DATA_KEY", "CONFIG_DATA_TYPE", "CONFIG_DATA_VALUE", "CONFIG_DATA_STORE_STATE", "CONFIG_VERSION_ID", "CREATE_BY", "CREATE_TIME", "UPDATE_BY", "UPDATE_TIME", "DELETED", "VERSION") VALUES ('1329358626884403201', '3232', 'CUSTOM', '3232323', 'SAVE_TEMP', '1329358543090597889', '1', TO_DATE('2020-11-19 17:39:29', 'SYYYY-MM-DD HH24:MI:SS'), '1', TO_DATE('2020-11-20 09:09:44', 'SYYYY-MM-DD HH24:MI:SS'), '1', '2');

INSERT INTO "T_APP_CONFIG_DATA"("ID", "CONFIG_DATA_KEY", "CONFIG_DATA_TYPE", "CONFIG_DATA_VALUE", "CONFIG_DATA_STORE_STATE", "CONFIG_VERSION_ID", "CREATE_BY", "CREATE_TIME", "UPDATE_BY", "UPDATE_TIME", "DELETED", "VERSION") VALUES ('1329362511057371138', '66665', 'CUSTOM', '{3：3232}', 'SAVE_TEMP', '1329362226180243458', '1', TO_DATE('2020-11-19 17:54:55', 'SYYYY-MM-DD HH24:MI:SS'), '1', TO_DATE('2020-11-19 17:54:58', 'SYYYY-MM-DD HH24:MI:SS'), '0', '1');

INSERT INTO "T_APP_CONFIG_DATA"("ID", "CONFIG_DATA_KEY", "CONFIG_DATA_TYPE", "CONFIG_DATA_VALUE", "CONFIG_DATA_STORE_STATE", "CONFIG_VERSION_ID", "CREATE_BY", "CREATE_TIME", "UPDATE_BY", "UPDATE_TIME", "DELETED", "VERSION") VALUES ('1329362511199977474', NULL, 'CUSTOM', NULL, 'SAVE_TEMP', '1329362226180243458', '1', TO_DATE('2020-11-19 17:54:55', 'SYYYY-MM-DD HH24:MI:SS'), '1', TO_DATE('2020-11-19 17:54:58', 'SYYYY-MM-DD HH24:MI:SS'), '0', '1');

INSERT INTO "T_APP_CONFIG_DATA"("ID", "CONFIG_DATA_KEY", "CONFIG_DATA_TYPE", "CONFIG_DATA_VALUE", "CONFIG_DATA_STORE_STATE", "CONFIG_VERSION_ID", "CREATE_BY", "CREATE_TIME", "UPDATE_BY", "UPDATE_TIME", "DELETED", "VERSION") VALUES ('1329362699998183425', '66665', 'CUSTOM', '{3：3232}', 'SAVE', '1329362699851382786', '1', TO_DATE('2020-11-19 17:55:40', 'SYYYY-MM-DD HH24:MI:SS'), '1', TO_DATE('2020-11-19 17:55:40', 'SYYYY-MM-DD HH24:MI:SS'), '0', '0');

INSERT INTO "T_APP_CONFIG_DATA"("ID", "CONFIG_DATA_KEY", "CONFIG_DATA_TYPE", "CONFIG_DATA_VALUE", "CONFIG_DATA_STORE_STATE", "CONFIG_VERSION_ID", "CREATE_BY", "CREATE_TIME", "UPDATE_BY", "UPDATE_TIME", "DELETED", "VERSION") VALUES ('1329362700140789762', NULL, 'CUSTOM', NULL, 'SAVE', '1329362699851382786', '1', TO_DATE('2020-11-19 17:55:40', 'SYYYY-MM-DD HH24:MI:SS'), '1', TO_DATE('2020-11-19 17:55:40', 'SYYYY-MM-DD HH24:MI:SS'), '0', '0');

INSERT INTO "T_APP_CONFIG_DATA"("ID", "CONFIG_DATA_KEY", "CONFIG_DATA_TYPE", "CONFIG_DATA_VALUE", "CONFIG_DATA_STORE_STATE", "CONFIG_VERSION_ID", "CREATE_BY", "CREATE_TIME", "UPDATE_BY", "UPDATE_TIME", "DELETED", "VERSION") VALUES ('1329362773113290753', '66665', 'CUSTOM', '{3：3232}', 'DEPLOY', '1329362772555448321', '1', TO_DATE('2020-11-19 17:55:58', 'SYYYY-MM-DD HH24:MI:SS'), '1', TO_DATE('2020-11-19 18:28:12', 'SYYYY-MM-DD HH24:MI:SS'), '0', '1');

INSERT INTO "T_APP_CONFIG_DATA"("ID", "CONFIG_DATA_KEY", "CONFIG_DATA_TYPE", "CONFIG_DATA_VALUE", "CONFIG_DATA_STORE_STATE", "CONFIG_VERSION_ID", "CREATE_BY", "CREATE_TIME", "UPDATE_BY", "UPDATE_TIME", "DELETED", "VERSION") VALUES ('1329362773243314177', NULL, 'CUSTOM', NULL, 'DEPLOY', '1329362772555448321', '1', TO_DATE('2020-11-19 17:55:58', 'SYYYY-MM-DD HH24:MI:SS'), '1', TO_DATE('2020-11-19 18:28:12', 'SYYYY-MM-DD HH24:MI:SS'), '0', '1');

INSERT INTO "T_APP_CONFIG_DATA"("ID", "CONFIG_DATA_KEY", "CONFIG_DATA_TYPE", "CONFIG_DATA_VALUE", "CONFIG_DATA_STORE_STATE", "CONFIG_VERSION_ID", "CREATE_BY", "CREATE_TIME", "UPDATE_BY", "UPDATE_TIME", "DELETED", "VERSION") VALUES ('1329373038944952322', NULL, 'CUSTOM', NULL, 'DEPLOY', '1329373036340289538', '1', TO_DATE('2020-11-19 18:36:45', 'SYYYY-MM-DD HH24:MI:SS'), '1', TO_DATE('2020-11-19 18:36:45', 'SYYYY-MM-DD HH24:MI:SS'), '1', '0');

INSERT INTO "T_APP_CONFIG_DATA"("ID", "CONFIG_DATA_KEY", "CONFIG_DATA_TYPE", "CONFIG_DATA_VALUE", "CONFIG_DATA_STORE_STATE", "CONFIG_VERSION_ID", "CREATE_BY", "CREATE_TIME", "UPDATE_BY", "UPDATE_TIME", "DELETED", "VERSION") VALUES ('1329718503649554433', NULL, 'CUSTOM', NULL, 'SAVE_TEMP', '1329262600173264897', '1', TO_DATE('2020-11-20 17:29:30', 'SYYYY-MM-DD HH24:MI:SS'), '1', TO_DATE('2020-11-20 17:33:18', 'SYYYY-MM-DD HH24:MI:SS'), '1', '3');

INSERT INTO "T_APP_CONFIG_DATA"("ID", "CONFIG_DATA_KEY", "CONFIG_DATA_TYPE", "CONFIG_DATA_VALUE", "CONFIG_DATA_STORE_STATE", "CONFIG_VERSION_ID", "CREATE_BY", "CREATE_TIME", "UPDATE_BY", "UPDATE_TIME", "DELETED", "VERSION") VALUES ('1329720782628827137', NULL, 'CUSTOM', NULL, 'SAVE_TEMP', '1329262600173264897', '1', TO_DATE('2020-11-20 17:38:34', 'SYYYY-MM-DD HH24:MI:SS'), '1', TO_DATE('2020-11-20 17:38:34', 'SYYYY-MM-DD HH24:MI:SS'), '1', '0');

INSERT INTO "T_APP_CONFIG_DATA"("ID", "CONFIG_DATA_KEY", "CONFIG_DATA_TYPE", "CONFIG_DATA_VALUE", "CONFIG_DATA_STORE_STATE", "CONFIG_VERSION_ID", "CREATE_BY", "CREATE_TIME", "UPDATE_BY", "UPDATE_TIME", "DELETED", "VERSION") VALUES ('1329721206291255297', '12', 'CUSTOM', '32', 'SAVE_TEMP', '1329262600173264897', '1', TO_DATE('2020-11-20 17:40:15', 'SYYYY-MM-DD HH24:MI:SS'), '1', TO_DATE('2020-11-20 17:47:57', 'SYYYY-MM-DD HH24:MI:SS'), '1', '7');

INSERT INTO "T_APP_CONFIG_DATA"("ID", "CONFIG_DATA_KEY", "CONFIG_DATA_TYPE", "CONFIG_DATA_VALUE", "CONFIG_DATA_STORE_STATE", "CONFIG_VERSION_ID", "CREATE_BY", "CREATE_TIME", "UPDATE_BY", "UPDATE_TIME", "DELETED", "VERSION") VALUES ('1329722202778193921', '3232', 'CUSTOM', NULL, 'SAVE_TEMP', '1329262600173264897', '1', TO_DATE('2020-11-20 17:44:12', 'SYYYY-MM-DD HH24:MI:SS'), '1', TO_DATE('2020-11-20 17:47:57', 'SYYYY-MM-DD HH24:MI:SS'), '1', '4');

INSERT INTO "T_APP_CONFIG_DATA"("ID", "CONFIG_DATA_KEY", "CONFIG_DATA_TYPE", "CONFIG_DATA_VALUE", "CONFIG_DATA_STORE_STATE", "CONFIG_VERSION_ID", "CREATE_BY", "CREATE_TIME", "UPDATE_BY", "UPDATE_TIME", "DELETED", "VERSION") VALUES ('1329722773895536641', '3232', 'CUSTOM', NULL, 'DEPLOY', '1329722769596375042', '1', TO_DATE('2020-11-20 17:46:29', 'SYYYY-MM-DD HH24:MI:SS'), '1', TO_DATE('2020-11-20 17:58:13', 'SYYYY-MM-DD HH24:MI:SS'), '1', '3');

INSERT INTO "T_APP_CONFIG_DATA"("ID", "CONFIG_DATA_KEY", "CONFIG_DATA_TYPE", "CONFIG_DATA_VALUE", "CONFIG_DATA_STORE_STATE", "CONFIG_VERSION_ID", "CREATE_BY", "CREATE_TIME", "UPDATE_BY", "UPDATE_TIME", "DELETED", "VERSION") VALUES ('1329722774054920193', '12', 'CUSTOM', '32', 'DEPLOY', '1329722769596375042', '1', TO_DATE('2020-11-20 17:46:29', 'SYYYY-MM-DD HH24:MI:SS'), '1', TO_DATE('2020-11-20 17:58:13', 'SYYYY-MM-DD HH24:MI:SS'), '1', '3');

INSERT INTO "T_APP_CONFIG_DATA"("ID", "CONFIG_DATA_KEY", "CONFIG_DATA_TYPE", "CONFIG_DATA_VALUE", "CONFIG_DATA_STORE_STATE", "CONFIG_VERSION_ID", "CREATE_BY", "CREATE_TIME", "UPDATE_BY", "UPDATE_TIME", "DELETED", "VERSION") VALUES ('1329725537262493697', '3232', 'CUSTOM', NULL, 'DEPLOY', '1329725536125837313', '1', TO_DATE('2020-11-20 17:57:27', 'SYYYY-MM-DD HH24:MI:SS'), '1', TO_DATE('2020-11-20 17:57:27', 'SYYYY-MM-DD HH24:MI:SS'), '1', '0');

INSERT INTO "T_APP_CONFIG_DATA"("ID", "CONFIG_DATA_KEY", "CONFIG_DATA_TYPE", "CONFIG_DATA_VALUE", "CONFIG_DATA_STORE_STATE", "CONFIG_VERSION_ID", "CREATE_BY", "CREATE_TIME", "UPDATE_BY", "UPDATE_TIME", "DELETED", "VERSION") VALUES ('1329725537417682946', '12', 'CUSTOM', '32', 'DEPLOY', '1329725536125837313', '1', TO_DATE('2020-11-20 17:57:27', 'SYYYY-MM-DD HH24:MI:SS'), '1', TO_DATE('2020-11-20 17:57:27', 'SYYYY-MM-DD HH24:MI:SS'), '1', '0');

INSERT INTO "T_APP_CONFIG_DATA"("ID", "CONFIG_DATA_KEY", "CONFIG_DATA_TYPE", "CONFIG_DATA_VALUE", "CONFIG_DATA_STORE_STATE", "CONFIG_VERSION_ID", "CREATE_BY", "CREATE_TIME", "UPDATE_BY", "UPDATE_TIME", "DELETED", "VERSION") VALUES ('1329725744784072706', '3232', 'CUSTOM', NULL, 'SAVE', '1329725744364642306', '1', TO_DATE('2020-11-20 17:58:17', 'SYYYY-MM-DD HH24:MI:SS'), '1', TO_DATE('2020-11-20 17:58:17', 'SYYYY-MM-DD HH24:MI:SS'), '1', '0');

INSERT INTO "T_APP_CONFIG_DATA"("ID", "CONFIG_DATA_KEY", "CONFIG_DATA_TYPE", "CONFIG_DATA_VALUE", "CONFIG_DATA_STORE_STATE", "CONFIG_VERSION_ID", "CREATE_BY", "CREATE_TIME", "UPDATE_BY", "UPDATE_TIME", "DELETED", "VERSION") VALUES ('1329725744918290433', '12', 'CUSTOM', '32', 'SAVE', '1329725744364642306', '1', TO_DATE('2020-11-20 17:58:17', 'SYYYY-MM-DD HH24:MI:SS'), '1', TO_DATE('2020-11-20 17:58:17', 'SYYYY-MM-DD HH24:MI:SS'), '1', '0');

INSERT INTO "T_APP_CONFIG_DATA"("ID", "CONFIG_DATA_KEY", "CONFIG_DATA_TYPE", "CONFIG_DATA_VALUE", "CONFIG_DATA_STORE_STATE", "CONFIG_VERSION_ID", "CREATE_BY", "CREATE_TIME", "UPDATE_BY", "UPDATE_TIME", "DELETED", "VERSION") VALUES ('1330709351958732802', '3232', 'CUSTOM', '3232', 'SAVE_TEMP', '1329692684575191042', '1', TO_DATE('2020-11-23 11:06:47', 'SYYYY-MM-DD HH24:MI:SS'), '1', TO_DATE('2020-11-23 11:06:58', 'SYYYY-MM-DD HH24:MI:SS'), '0', '2');

INSERT INTO "T_APP_CONFIG_DATA"("ID", "CONFIG_DATA_KEY", "CONFIG_DATA_TYPE", "CONFIG_DATA_VALUE", "CONFIG_DATA_STORE_STATE", "CONFIG_VERSION_ID", "CREATE_BY", "CREATE_TIME", "UPDATE_BY", "UPDATE_TIME", "DELETED", "VERSION") VALUES ('1330709352109727746', '321', 'CUSTOM', '{212:2121}', 'SAVE_TEMP', '1329692684575191042', '1', TO_DATE('2020-11-23 11:06:47', 'SYYYY-MM-DD HH24:MI:SS'), '1', TO_DATE('2020-11-23 11:06:58', 'SYYYY-MM-DD HH24:MI:SS'), '0', '2');

INSERT INTO "T_APP_CONFIG_DATA"("ID", "CONFIG_DATA_KEY", "CONFIG_DATA_TYPE", "CONFIG_DATA_VALUE", "CONFIG_DATA_STORE_STATE", "CONFIG_VERSION_ID", "CREATE_BY", "CREATE_TIME", "UPDATE_BY", "UPDATE_TIME", "DELETED", "VERSION") VALUES ('1330722753288593409', '32323', 'CUSTOM', '{32，32}', 'SAVE_TEMP', '1329032094563418113', '1', TO_DATE('2020-11-23 12:00:02', 'SYYYY-MM-DD HH24:MI:SS'), '1', TO_DATE('2020-11-23 12:00:02', 'SYYYY-MM-DD HH24:MI:SS'), '1', '0');

INSERT INTO "T_APP_CONFIG_DATA"("ID", "CONFIG_DATA_KEY", "CONFIG_DATA_TYPE", "CONFIG_DATA_VALUE", "CONFIG_DATA_STORE_STATE", "CONFIG_VERSION_ID", "CREATE_BY", "CREATE_TIME", "UPDATE_BY", "UPDATE_TIME", "DELETED", "VERSION") VALUES ('1330763341555785729', '32', 'CUSTOM', NULL, 'SAVE', '1330763341228630018', '1', TO_DATE('2020-11-23 14:41:19', 'SYYYY-MM-DD HH24:MI:SS'), '1', TO_DATE('2020-11-23 14:41:40', 'SYYYY-MM-DD HH24:MI:SS'), '0', '1');

INSERT INTO "T_APP_CONFIG_DATA"("ID", "CONFIG_DATA_KEY", "CONFIG_DATA_TYPE", "CONFIG_DATA_VALUE", "CONFIG_DATA_STORE_STATE", "CONFIG_VERSION_ID", "CREATE_BY", "CREATE_TIME", "UPDATE_BY", "UPDATE_TIME", "DELETED", "VERSION") VALUES ('1330763413832032258', '32', 'CUSTOM', NULL, 'SAVE', '1330763413513265154', '1', TO_DATE('2020-11-23 14:41:36', 'SYYYY-MM-DD HH24:MI:SS'), '1', TO_DATE('2020-11-23 14:41:36', 'SYYYY-MM-DD HH24:MI:SS'), '0', '0');

INSERT INTO "T_APP_CONFIG_VERSION"("ID", "CONFIG_VERSION", "CONFIG_VERSION_STATUS", "CREATE_BY", "CREATE_TIME", "UPDATE_BY", "UPDATE_TIME", "DELETED", "VERSION", "CONFIG_ID") VALUES ('1326825533506048002', '1.0', 'CLOSED', '1', TO_DATE('2020-11-12 17:53:53', 'SYYYY-MM-DD HH24:MI:SS'), '1', TO_DATE('2020-11-17 21:27:28', 'SYYYY-MM-DD HH24:MI:SS'), '0', '1', '1327163837137022978');

INSERT INTO "T_APP_CONFIG_VERSION"("ID", "CONFIG_VERSION", "CONFIG_VERSION_STATUS", "CREATE_BY", "CREATE_TIME", "UPDATE_BY", "UPDATE_TIME", "DELETED", "VERSION", "CONFIG_ID") VALUES ('1328586615132229633', '1.1', 'CLOSED', '1', TO_DATE('2020-11-17 14:31:47', 'SYYYY-MM-DD HH24:MI:SS'), '1', TO_DATE('2020-11-17 21:27:28', 'SYYYY-MM-DD HH24:MI:SS'), '0', '1', '1327163837137022978');

INSERT INTO "T_APP_CONFIG_VERSION"("ID", "CONFIG_VERSION", "CONFIG_VERSION_STATUS", "CREATE_BY", "CREATE_TIME", "UPDATE_BY", "UPDATE_TIME", "DELETED", "VERSION", "CONFIG_ID") VALUES ('1328675606691020801', '1.6', 'CLOSED', '1', TO_DATE('2020-11-17 20:25:24', 'SYYYY-MM-DD HH24:MI:SS'), '1', TO_DATE('2020-11-18 10:23:13', 'SYYYY-MM-DD HH24:MI:SS'), '0', '2', '1327163837137022978');

INSERT INTO "T_APP_CONFIG_VERSION"("ID", "CONFIG_VERSION", "CONFIG_VERSION_STATUS", "CREATE_BY", "CREATE_TIME", "UPDATE_BY", "UPDATE_TIME", "DELETED", "VERSION", "CONFIG_ID") VALUES ('1328676705154072577', '1.7', 'CLOSED', '1', TO_DATE('2020-11-17 20:29:46', 'SYYYY-MM-DD HH24:MI:SS'), '1', TO_DATE('2020-11-18 10:24:15', 'SYYYY-MM-DD HH24:MI:SS'), '0', '2', '1327163837137022978');

INSERT INTO "T_APP_CONFIG_VERSION"("ID", "CONFIG_VERSION", "CONFIG_VERSION_STATUS", "CREATE_BY", "CREATE_TIME", "UPDATE_BY", "UPDATE_TIME", "DELETED", "VERSION", "CONFIG_ID") VALUES ('1328677016652447745', '1.8', 'CLOSED', '1', TO_DATE('2020-11-17 20:31:01', 'SYYYY-MM-DD HH24:MI:SS'), '1', TO_DATE('2020-11-18 10:24:23', 'SYYYY-MM-DD HH24:MI:SS'), '0', '2', '1327163837137022978');

INSERT INTO "T_APP_CONFIG_VERSION"("ID", "CONFIG_VERSION", "CONFIG_VERSION_STATUS", "CREATE_BY", "CREATE_TIME", "UPDATE_BY", "UPDATE_TIME", "DELETED", "VERSION", "CONFIG_ID") VALUES ('1328682307548831746', '2.0', 'CLOSED', '1', TO_DATE('2020-11-17 20:52:02', 'SYYYY-MM-DD HH24:MI:SS'), '1', TO_DATE('2020-11-18 10:24:32', 'SYYYY-MM-DD HH24:MI:SS'), '0', '2', '1327163837137022978');

INSERT INTO "T_APP_CONFIG_VERSION"("ID", "CONFIG_VERSION", "CONFIG_VERSION_STATUS", "CREATE_BY", "CREATE_TIME", "UPDATE_BY", "UPDATE_TIME", "DELETED", "VERSION", "CONFIG_ID") VALUES ('1328688137501368321', '2.2', 'CLOSED', '1', TO_DATE('2020-11-17 21:15:12', 'SYYYY-MM-DD HH24:MI:SS'), '1', TO_DATE('2020-11-18 11:43:42', 'SYYYY-MM-DD HH24:MI:SS'), '0', '2', '1327163837137022978');

INSERT INTO "T_APP_CONFIG_VERSION"("ID", "CONFIG_VERSION", "CONFIG_VERSION_STATUS", "CREATE_BY", "CREATE_TIME", "UPDATE_BY", "UPDATE_TIME", "DELETED", "VERSION", "CONFIG_ID") VALUES ('1328691224504938497', '1.2', 'CLOSED', '1', TO_DATE('2020-11-17 21:27:28', 'SYYYY-MM-DD HH24:MI:SS'), '1', TO_DATE('2020-11-18 10:06:59', 'SYYYY-MM-DD HH24:MI:SS'), '0', '6', '1327163837137022978');

INSERT INTO "T_APP_CONFIG_VERSION"("ID", "CONFIG_VERSION", "CONFIG_VERSION_STATUS", "CREATE_BY", "CREATE_TIME", "UPDATE_BY", "UPDATE_TIME", "DELETED", "VERSION", "CONFIG_ID") VALUES ('1328701079936520193', '1.3', 'CLOSED', '1', TO_DATE('2020-11-17 22:06:38', 'SYYYY-MM-DD HH24:MI:SS'), '1', TO_DATE('2020-11-17 22:06:38', 'SYYYY-MM-DD HH24:MI:SS'), '0', '1', '1327163837137022978');

INSERT INTO "T_APP_CONFIG_VERSION"("ID", "CONFIG_VERSION", "CONFIG_VERSION_STATUS", "CREATE_BY", "CREATE_TIME", "UPDATE_BY", "UPDATE_TIME", "DELETED", "VERSION", "CONFIG_ID") VALUES ('1328709487993507841', '1.4', 'CLOSED', '1', TO_DATE('2020-11-17 22:40:02', 'SYYYY-MM-DD HH24:MI:SS'), '1', TO_DATE('2020-11-18 10:13:49', 'SYYYY-MM-DD HH24:MI:SS'), '0', '3', '1327163837137022978');

INSERT INTO "T_APP_CONFIG_VERSION"("ID", "CONFIG_VERSION", "CONFIG_VERSION_STATUS", "CREATE_BY", "CREATE_TIME", "UPDATE_BY", "UPDATE_TIME", "DELETED", "VERSION", "CONFIG_ID") VALUES ('1328709612925059074', '1.5', 'CLOSED', '1', TO_DATE('2020-11-17 22:40:32', 'SYYYY-MM-DD HH24:MI:SS'), '1', TO_DATE('2020-11-18 10:17:23', 'SYYYY-MM-DD HH24:MI:SS'), '0', '5', '1327163837137022978');

INSERT INTO "T_APP_CONFIG_VERSION"("ID", "CONFIG_VERSION", "CONFIG_VERSION_STATUS", "CREATE_BY", "CREATE_TIME", "UPDATE_BY", "UPDATE_TIME", "DELETED", "VERSION", "CONFIG_ID") VALUES ('1328709903972007937', NULL, 'CLOSED', '1', TO_DATE('2020-11-17 22:41:42', 'SYYYY-MM-DD HH24:MI:SS'), '1', TO_DATE('2020-11-20 17:46:18', 'SYYYY-MM-DD HH24:MI:SS'), '0', '1', '1327163837137022978');

INSERT INTO "T_APP_CONFIG_VERSION"("ID", "CONFIG_VERSION", "CONFIG_VERSION_STATUS", "CREATE_BY", "CREATE_TIME", "UPDATE_BY", "UPDATE_TIME", "DELETED", "VERSION", "CONFIG_ID") VALUES ('1328710006195585025', '1.9', 'CLOSED', '1', TO_DATE('2020-11-17 22:42:06', 'SYYYY-MM-DD HH24:MI:SS'), '1', TO_DATE('2020-11-18 10:24:28', 'SYYYY-MM-DD HH24:MI:SS'), '0', '2', '1327163837137022978');

INSERT INTO "T_APP_CONFIG_VERSION"("ID", "CONFIG_VERSION", "CONFIG_VERSION_STATUS", "CREATE_BY", "CREATE_TIME", "UPDATE_BY", "UPDATE_TIME", "DELETED", "VERSION", "CONFIG_ID") VALUES ('1328873691165736962', '2.1', 'CLOSED', '1', TO_DATE('2020-11-18 09:32:31', 'SYYYY-MM-DD HH24:MI:SS'), '1', TO_DATE('2020-11-18 10:38:57', 'SYYYY-MM-DD HH24:MI:SS'), '0', '2', '1327163837137022978');

INSERT INTO "T_APP_CONFIG_VERSION"("ID", "CONFIG_VERSION", "CONFIG_VERSION_STATUS", "CREATE_BY", "CREATE_TIME", "UPDATE_BY", "UPDATE_TIME", "DELETED", "VERSION", "CONFIG_ID") VALUES ('1328897099916066818', NULL, 'CLOSED', '1', TO_DATE('2020-11-18 11:05:32', 'SYYYY-MM-DD HH24:MI:SS'), '1', TO_DATE('2020-11-20 17:46:18', 'SYYYY-MM-DD HH24:MI:SS'), '0', '1', '1327163837137022978');

INSERT INTO "T_APP_CONFIG_VERSION"("ID", "CONFIG_VERSION", "CONFIG_VERSION_STATUS", "CREATE_BY", "CREATE_TIME", "UPDATE_BY", "UPDATE_TIME", "DELETED", "VERSION", "CONFIG_ID") VALUES ('1328897470147280897', NULL, 'CLOSED', '1', TO_DATE('2020-11-18 11:07:01', 'SYYYY-MM-DD HH24:MI:SS'), '1', TO_DATE('2020-11-20 17:46:18', 'SYYYY-MM-DD HH24:MI:SS'), '0', '1', '1327163837137022978');

INSERT INTO "T_APP_CONFIG_VERSION"("ID", "CONFIG_VERSION", "CONFIG_VERSION_STATUS", "CREATE_BY", "CREATE_TIME", "UPDATE_BY", "UPDATE_TIME", "DELETED", "VERSION", "CONFIG_ID") VALUES ('1328898465774419969', NULL, 'CLOSED', '1', TO_DATE('2020-11-18 11:10:58', 'SYYYY-MM-DD HH24:MI:SS'), '1', TO_DATE('2020-11-20 17:46:18', 'SYYYY-MM-DD HH24:MI:SS'), '0', '1', '1327163837137022978');

INSERT INTO "T_APP_CONFIG_VERSION"("ID", "CONFIG_VERSION", "CONFIG_VERSION_STATUS", "CREATE_BY", "CREATE_TIME", "UPDATE_BY", "UPDATE_TIME", "DELETED", "VERSION", "CONFIG_ID") VALUES ('1328898747564539905', NULL, 'CLOSED', '1', TO_DATE('2020-11-18 11:12:05', 'SYYYY-MM-DD HH24:MI:SS'), '1', TO_DATE('2020-11-20 17:46:18', 'SYYYY-MM-DD HH24:MI:SS'), '0', '1', '1327163837137022978');

INSERT INTO "T_APP_CONFIG_VERSION"("ID", "CONFIG_VERSION", "CONFIG_VERSION_STATUS", "CREATE_BY", "CREATE_TIME", "UPDATE_BY", "UPDATE_TIME", "DELETED", "VERSION", "CONFIG_ID") VALUES ('1328899368799682562', NULL, 'CLOSED', '1', TO_DATE('2020-11-18 11:14:33', 'SYYYY-MM-DD HH24:MI:SS'), '1', TO_DATE('2020-11-20 17:46:18', 'SYYYY-MM-DD HH24:MI:SS'), '0', '1', '1327163837137022978');

INSERT INTO "T_APP_CONFIG_VERSION"("ID", "CONFIG_VERSION", "CONFIG_VERSION_STATUS", "CREATE_BY", "CREATE_TIME", "UPDATE_BY", "UPDATE_TIME", "DELETED", "VERSION", "CONFIG_ID") VALUES ('1328899528145489921', NULL, 'CLOSED', '1', TO_DATE('2020-11-18 11:15:11', 'SYYYY-MM-DD HH24:MI:SS'), '1', TO_DATE('2020-11-20 17:46:18', 'SYYYY-MM-DD HH24:MI:SS'), '0', '1', '1327163837137022978');

INSERT INTO "T_APP_CONFIG_VERSION"("ID", "CONFIG_VERSION", "CONFIG_VERSION_STATUS", "CREATE_BY", "CREATE_TIME", "UPDATE_BY", "UPDATE_TIME", "DELETED", "VERSION", "CONFIG_ID") VALUES ('1328902555736604674', NULL, 'CLOSED', '1', TO_DATE('2020-11-18 11:27:13', 'SYYYY-MM-DD HH24:MI:SS'), '1', TO_DATE('2020-11-20 17:46:18', 'SYYYY-MM-DD HH24:MI:SS'), '0', '1', '1327163837137022978');

INSERT INTO "T_APP_CONFIG_VERSION"("ID", "CONFIG_VERSION", "CONFIG_VERSION_STATUS", "CREATE_BY", "CREATE_TIME", "UPDATE_BY", "UPDATE_TIME", "DELETED", "VERSION", "CONFIG_ID") VALUES ('1328902685499981826', NULL, 'CLOSED', '1', TO_DATE('2020-11-18 11:27:44', 'SYYYY-MM-DD HH24:MI:SS'), '1', TO_DATE('2020-11-20 17:46:18', 'SYYYY-MM-DD HH24:MI:SS'), '0', '1', '1327163837137022978');

INSERT INTO "T_APP_CONFIG_VERSION"("ID", "CONFIG_VERSION", "CONFIG_VERSION_STATUS", "CREATE_BY", "CREATE_TIME", "UPDATE_BY", "UPDATE_TIME", "DELETED", "VERSION", "CONFIG_ID") VALUES ('1328904153607045121', NULL, 'CLOSED', '1', TO_DATE('2020-11-18 11:33:34', 'SYYYY-MM-DD HH24:MI:SS'), '1', TO_DATE('2020-11-20 17:46:18', 'SYYYY-MM-DD HH24:MI:SS'), '0', '1', '1327163837137022978');

INSERT INTO "T_APP_CONFIG_VERSION"("ID", "CONFIG_VERSION", "CONFIG_VERSION_STATUS", "CREATE_BY", "CREATE_TIME", "UPDATE_BY", "UPDATE_TIME", "DELETED", "VERSION", "CONFIG_ID") VALUES ('1328904285819895810', NULL, 'CLOSED', '1', TO_DATE('2020-11-18 11:34:06', 'SYYYY-MM-DD HH24:MI:SS'), '1', TO_DATE('2020-11-20 17:46:18', 'SYYYY-MM-DD HH24:MI:SS'), '0', '1', '1327163837137022978');

INSERT INTO "T_APP_CONFIG_VERSION"("ID", "CONFIG_VERSION", "CONFIG_VERSION_STATUS", "CREATE_BY", "CREATE_TIME", "UPDATE_BY", "UPDATE_TIME", "DELETED", "VERSION", "CONFIG_ID") VALUES ('1328904750502768642', NULL, 'CLOSED', '1', TO_DATE('2020-11-18 11:35:57', 'SYYYY-MM-DD HH24:MI:SS'), '1', TO_DATE('2020-11-20 17:46:18', 'SYYYY-MM-DD HH24:MI:SS'), '0', '1', '1327163837137022978');

INSERT INTO "T_APP_CONFIG_VERSION"("ID", "CONFIG_VERSION", "CONFIG_VERSION_STATUS", "CREATE_BY", "CREATE_TIME", "UPDATE_BY", "UPDATE_TIME", "DELETED", "VERSION", "CONFIG_ID") VALUES ('1328905702852923394', NULL, 'CLOSED', '1', TO_DATE('2020-11-18 11:39:44', 'SYYYY-MM-DD HH24:MI:SS'), '1', TO_DATE('2020-11-20 17:46:18', 'SYYYY-MM-DD HH24:MI:SS'), '0', '1', '1327163837137022978');

INSERT INTO "T_APP_CONFIG_VERSION"("ID", "CONFIG_VERSION", "CONFIG_VERSION_STATUS", "CREATE_BY", "CREATE_TIME", "UPDATE_BY", "UPDATE_TIME", "DELETED", "VERSION", "CONFIG_ID") VALUES ('1328906150217392129', '2.3', 'CLOSED', '1', TO_DATE('2020-11-18 11:41:30', 'SYYYY-MM-DD HH24:MI:SS'), '1', TO_DATE('2020-11-18 17:52:03', 'SYYYY-MM-DD HH24:MI:SS'), '0', '2', '1327163837137022978');

INSERT INTO "T_APP_CONFIG_VERSION"("ID", "CONFIG_VERSION", "CONFIG_VERSION_STATUS", "CREATE_BY", "CREATE_TIME", "UPDATE_BY", "UPDATE_TIME", "DELETED", "VERSION", "CONFIG_ID") VALUES ('1328995297611431938', '1.0', 'OPEN', '1', TO_DATE('2020-11-18 17:35:45', 'SYYYY-MM-DD HH24:MI:SS'), '1', TO_DATE('2020-11-18 19:34:47', 'SYYYY-MM-DD HH24:MI:SS'), '1', '1', '1328995297452048386');

INSERT INTO "T_APP_CONFIG_VERSION"("ID", "CONFIG_VERSION", "CONFIG_VERSION_STATUS", "CREATE_BY", "CREATE_TIME", "UPDATE_BY", "UPDATE_TIME", "DELETED", "VERSION", "CONFIG_ID") VALUES ('1328995379832373250', NULL, 'NON_DEPLOY', '1', TO_DATE('2020-11-18 17:36:04', 'SYYYY-MM-DD HH24:MI:SS'), '1', TO_DATE('2020-11-18 17:36:04', 'SYYYY-MM-DD HH24:MI:SS'), '1', '0', '1328995379693961217');

INSERT INTO "T_APP_CONFIG_VERSION"("ID", "CONFIG_VERSION", "CONFIG_VERSION_STATUS", "CREATE_BY", "CREATE_TIME", "UPDATE_BY", "UPDATE_TIME", "DELETED", "VERSION", "CONFIG_ID") VALUES ('1328999308360126466', '1.0', 'CLOSED', '1', TO_DATE('2020-11-18 17:51:41', 'SYYYY-MM-DD HH24:MI:SS'), '1', TO_DATE('2020-11-18 19:34:47', 'SYYYY-MM-DD HH24:MI:SS'), '1', '2', '1328999308183965697');

INSERT INTO "T_APP_CONFIG_VERSION"("ID", "CONFIG_VERSION", "CONFIG_VERSION_STATUS", "CREATE_BY", "CREATE_TIME", "UPDATE_BY", "UPDATE_TIME", "DELETED", "VERSION", "CONFIG_ID") VALUES ('1329029997369475073', NULL, 'NON_DEPLOY', '1', TO_DATE('2020-11-18 19:53:38', 'SYYYY-MM-DD HH24:MI:SS'), '1', TO_DATE('2020-11-18 19:53:38', 'SYYYY-MM-DD HH24:MI:SS'), '1', '0', '1329029997226868738');

INSERT INTO "T_APP_CONFIG_VERSION"("ID", "CONFIG_VERSION", "CONFIG_VERSION_STATUS", "CREATE_BY", "CREATE_TIME", "UPDATE_BY", "UPDATE_TIME", "DELETED", "VERSION", "CONFIG_ID") VALUES ('1329030684081897474', NULL, 'NON_DEPLOY', '1', TO_DATE('2020-11-18 19:56:21', 'SYYYY-MM-DD HH24:MI:SS'), '1', TO_DATE('2020-11-18 19:56:21', 'SYYYY-MM-DD HH24:MI:SS'), '1', '0', '1329030683951874050');

INSERT INTO "T_APP_CONFIG_VERSION"("ID", "CONFIG_VERSION", "CONFIG_VERSION_STATUS", "CREATE_BY", "CREATE_TIME", "UPDATE_BY", "UPDATE_TIME", "DELETED", "VERSION", "CONFIG_ID") VALUES ('1329030779208712193', NULL, 'NON_DEPLOY', '1', TO_DATE('2020-11-18 19:56:44', 'SYYYY-MM-DD HH24:MI:SS'), '1', TO_DATE('2020-11-18 19:56:44', 'SYYYY-MM-DD HH24:MI:SS'), '1', '0', '1329030779074494466');

INSERT INTO "T_APP_CONFIG_VERSION"("ID", "CONFIG_VERSION", "CONFIG_VERSION_STATUS", "CREATE_BY", "CREATE_TIME", "UPDATE_BY", "UPDATE_TIME", "DELETED", "VERSION", "CONFIG_ID") VALUES ('1329030853506613249', NULL, 'NON_DEPLOY', '1', TO_DATE('2020-11-18 19:57:02', 'SYYYY-MM-DD HH24:MI:SS'), '1', TO_DATE('2020-11-18 19:57:02', 'SYYYY-MM-DD HH24:MI:SS'), '1', '0', '1329030853372395522');

INSERT INTO "T_APP_CONFIG_VERSION"("ID", "CONFIG_VERSION", "CONFIG_VERSION_STATUS", "CREATE_BY", "CREATE_TIME", "UPDATE_BY", "UPDATE_TIME", "DELETED", "VERSION", "CONFIG_ID") VALUES ('1329030981315444738', NULL, 'NON_DEPLOY', '1', TO_DATE('2020-11-18 19:57:32', 'SYYYY-MM-DD HH24:MI:SS'), '1', TO_DATE('2020-11-18 19:57:32', 'SYYYY-MM-DD HH24:MI:SS'), '1', '0', '1329030981181227010');

INSERT INTO "T_APP_CONFIG_VERSION"("ID", "CONFIG_VERSION", "CONFIG_VERSION_STATUS", "CREATE_BY", "CREATE_TIME", "UPDATE_BY", "UPDATE_TIME", "DELETED", "VERSION", "CONFIG_ID") VALUES ('1329031084797313025', '1.0', 'OPEN', '1', TO_DATE('2020-11-18 19:57:57', 'SYYYY-MM-DD HH24:MI:SS'), '1', TO_DATE('2020-11-18 20:00:23', 'SYYYY-MM-DD HH24:MI:SS'), '1', '1', '1329031084658900993');

INSERT INTO "T_APP_CONFIG_VERSION"("ID", "CONFIG_VERSION", "CONFIG_VERSION_STATUS", "CREATE_BY", "CREATE_TIME", "UPDATE_BY", "UPDATE_TIME", "DELETED", "VERSION", "CONFIG_ID") VALUES ('1329032094563418113', '1.1', 'CLOSED', '1', TO_DATE('2020-11-18 20:01:58', 'SYYYY-MM-DD HH24:MI:SS'), '1', TO_DATE('2020-11-23 14:40:18', 'SYYYY-MM-DD HH24:MI:SS'), '0', '8', '1329032094374674434');

INSERT INTO "T_APP_CONFIG_VERSION"("ID", "CONFIG_VERSION", "CONFIG_VERSION_STATUS", "CREATE_BY", "CREATE_TIME", "UPDATE_BY", "UPDATE_TIME", "DELETED", "VERSION", "CONFIG_ID") VALUES ('1329033598766661633', '1.0', 'CLOSED', '1', TO_DATE('2020-11-18 20:07:56', 'SYYYY-MM-DD HH24:MI:SS'), '1', TO_DATE('2020-11-20 18:15:20', 'SYYYY-MM-DD HH24:MI:SS'), '0', '6', '1329032094374674434');

INSERT INTO "T_APP_CONFIG_VERSION"("ID", "CONFIG_VERSION", "CONFIG_VERSION_STATUS", "CREATE_BY", "CREATE_TIME", "UPDATE_BY", "UPDATE_TIME", "DELETED", "VERSION", "CONFIG_ID") VALUES ('1329248730520100865', NULL, 'NON_DEPLOY', '1', TO_DATE('2020-11-19 10:22:48', 'SYYYY-MM-DD HH24:MI:SS'), '1', TO_DATE('2020-11-19 10:22:48', 'SYYYY-MM-DD HH24:MI:SS'), '1', '0', '1329248730243276801');

INSERT INTO "T_APP_CONFIG_VERSION"("ID", "CONFIG_VERSION", "CONFIG_VERSION_STATUS", "CREATE_BY", "CREATE_TIME", "UPDATE_BY", "UPDATE_TIME", "DELETED", "VERSION", "CONFIG_ID") VALUES ('1329248842633846785', '1.0', 'CLOSED', '1', TO_DATE('2020-11-19 10:23:14', 'SYYYY-MM-DD HH24:MI:SS'), '1', TO_DATE('2020-11-20 17:40:31', 'SYYYY-MM-DD HH24:MI:SS'), '1', '10', '1329248842503823361');

INSERT INTO "T_APP_CONFIG_VERSION"("ID", "CONFIG_VERSION", "CONFIG_VERSION_STATUS", "CREATE_BY", "CREATE_TIME", "UPDATE_BY", "UPDATE_TIME", "DELETED", "VERSION", "CONFIG_ID") VALUES ('1329248884715298817', '1.0', 'CLOSED', '1', TO_DATE('2020-11-19 10:23:25', 'SYYYY-MM-DD HH24:MI:SS'), '1', TO_DATE('2020-11-19 11:17:32', 'SYYYY-MM-DD HH24:MI:SS'), '0', '2', '1329248884572692482');

INSERT INTO "T_APP_CONFIG_VERSION"("ID", "CONFIG_VERSION", "CONFIG_VERSION_STATUS", "CREATE_BY", "CREATE_TIME", "UPDATE_BY", "UPDATE_TIME", "DELETED", "VERSION", "CONFIG_ID") VALUES ('1329262600173264897', '1.1', 'CLOSED', '1', TO_DATE('2020-11-19 11:17:55', 'SYYYY-MM-DD HH24:MI:SS'), '1', TO_DATE('2020-11-20 17:57:27', 'SYYYY-MM-DD HH24:MI:SS'), '1', '16', '1329248842503823361');

INSERT INTO "T_APP_CONFIG_VERSION"("ID", "CONFIG_VERSION", "CONFIG_VERSION_STATUS", "CREATE_BY", "CREATE_TIME", "UPDATE_BY", "UPDATE_TIME", "DELETED", "VERSION", "CONFIG_ID") VALUES ('1329358307148414977', '1.0', 'OPEN', '1', TO_DATE('2020-11-19 17:38:13', 'SYYYY-MM-DD HH24:MI:SS'), '1', TO_DATE('2020-11-19 17:38:43', 'SYYYY-MM-DD HH24:MI:SS'), '1', '1', '1329358296410996737');

INSERT INTO "T_APP_CONFIG_VERSION"("ID", "CONFIG_VERSION", "CONFIG_VERSION_STATUS", "CREATE_BY", "CREATE_TIME", "UPDATE_BY", "UPDATE_TIME", "DELETED", "VERSION", "CONFIG_ID") VALUES ('1329358313188212738', '1.0', 'OPEN', '1', TO_DATE('2020-11-19 17:38:14', 'SYYYY-MM-DD HH24:MI:SS'), '1', TO_DATE('2020-11-19 17:38:39', 'SYYYY-MM-DD HH24:MI:SS'), '1', '1', '1329358307551068162');

INSERT INTO "T_APP_CONFIG_VERSION"("ID", "CONFIG_VERSION", "CONFIG_VERSION_STATUS", "CREATE_BY", "CREATE_TIME", "UPDATE_BY", "UPDATE_TIME", "DELETED", "VERSION", "CONFIG_ID") VALUES ('1329358543090597889', '1.0', 'OPEN', '1', TO_DATE('2020-11-19 17:39:09', 'SYYYY-MM-DD HH24:MI:SS'), '1', TO_DATE('2020-11-19 17:39:31', 'SYYYY-MM-DD HH24:MI:SS'), '1', '1', '1329358542960574466');

INSERT INTO "T_APP_CONFIG_VERSION"("ID", "CONFIG_VERSION", "CONFIG_VERSION_STATUS", "CREATE_BY", "CREATE_TIME", "UPDATE_BY", "UPDATE_TIME", "DELETED", "VERSION", "CONFIG_ID") VALUES ('1329362226180243458', NULL, 'CLOSED', '1', TO_DATE('2020-11-19 17:53:47', 'SYYYY-MM-DD HH24:MI:SS'), '1', TO_DATE('2020-11-20 17:46:18', 'SYYYY-MM-DD HH24:MI:SS'), '0', '1', '1329362225895030785');

INSERT INTO "T_APP_CONFIG_VERSION"("ID", "CONFIG_VERSION", "CONFIG_VERSION_STATUS", "CREATE_BY", "CREATE_TIME", "UPDATE_BY", "UPDATE_TIME", "DELETED", "VERSION", "CONFIG_ID") VALUES ('1329362226868109314', '1.0', 'OPEN', '1', TO_DATE('2020-11-19 17:53:47', 'SYYYY-MM-DD HH24:MI:SS'), '1', TO_DATE('2020-11-19 18:24:03', 'SYYYY-MM-DD HH24:MI:SS'), '0', '1', '1329362226582896642');

INSERT INTO "T_APP_CONFIG_VERSION"("ID", "CONFIG_VERSION", "CONFIG_VERSION_STATUS", "CREATE_BY", "CREATE_TIME", "UPDATE_BY", "UPDATE_TIME", "DELETED", "VERSION", "CONFIG_ID") VALUES ('1329362699851382786', '1.0', 'OPEN', '1', TO_DATE('2020-11-19 17:55:40', 'SYYYY-MM-DD HH24:MI:SS'), '1', TO_DATE('2020-11-19 17:55:45', 'SYYYY-MM-DD HH24:MI:SS'), '0', '1', '1329362225895030785');

INSERT INTO "T_APP_CONFIG_VERSION"("ID", "CONFIG_VERSION", "CONFIG_VERSION_STATUS", "CREATE_BY", "CREATE_TIME", "UPDATE_BY", "UPDATE_TIME", "DELETED", "VERSION", "CONFIG_ID") VALUES ('1329362772555448321', '1.1', 'CLOSED', '1', TO_DATE('2020-11-19 17:55:58', 'SYYYY-MM-DD HH24:MI:SS'), '1', TO_DATE('2020-11-19 17:55:58', 'SYYYY-MM-DD HH24:MI:SS'), '0', '1', '1329362225895030785');

INSERT INTO "T_APP_CONFIG_VERSION"("ID", "CONFIG_VERSION", "CONFIG_VERSION_STATUS", "CREATE_BY", "CREATE_TIME", "UPDATE_BY", "UPDATE_TIME", "DELETED", "VERSION", "CONFIG_ID") VALUES ('1329373036340289538', '1.2', 'OPEN', '1', TO_DATE('2020-11-19 18:36:45', 'SYYYY-MM-DD HH24:MI:SS'), '1', TO_DATE('2020-11-23 14:40:18', 'SYYYY-MM-DD HH24:MI:SS'), '0', '4', '1329032094374674434');

INSERT INTO "T_APP_CONFIG_VERSION"("ID", "CONFIG_VERSION", "CONFIG_VERSION_STATUS", "CREATE_BY", "CREATE_TIME", "UPDATE_BY", "UPDATE_TIME", "DELETED", "VERSION", "CONFIG_ID") VALUES ('1329685329368199170', '1.0', 'OPEN', '1', TO_DATE('2020-11-20 15:17:41', 'SYYYY-MM-DD HH24:MI:SS'), '1', TO_DATE('2020-11-23 14:41:40', 'SYYYY-MM-DD HH24:MI:SS'), '0', '2', '1329685329041043458');

INSERT INTO "T_APP_CONFIG_VERSION"("ID", "CONFIG_VERSION", "CONFIG_VERSION_STATUS", "CREATE_BY", "CREATE_TIME", "UPDATE_BY", "UPDATE_TIME", "DELETED", "VERSION", "CONFIG_ID") VALUES ('1329692684575191042', '1.0', 'OPEN', '1', TO_DATE('2020-11-20 15:46:55', 'SYYYY-MM-DD HH24:MI:SS'), '1', TO_DATE('2020-11-23 11:06:59', 'SYYYY-MM-DD HH24:MI:SS'), '0', '2', '1329692683807633409');

INSERT INTO "T_APP_CONFIG_VERSION"("ID", "CONFIG_VERSION", "CONFIG_VERSION_STATUS", "CREATE_BY", "CREATE_TIME", "UPDATE_BY", "UPDATE_TIME", "DELETED", "VERSION", "CONFIG_ID") VALUES ('1329722769596375042', '1.2', 'CLOSED', '1', TO_DATE('2020-11-20 17:46:27', 'SYYYY-MM-DD HH24:MI:SS'), '1', TO_DATE('2020-11-20 17:59:30', 'SYYYY-MM-DD HH24:MI:SS'), '1', '3', '1329248842503823361');

INSERT INTO "T_APP_CONFIG_VERSION"("ID", "CONFIG_VERSION", "CONFIG_VERSION_STATUS", "CREATE_BY", "CREATE_TIME", "UPDATE_BY", "UPDATE_TIME", "DELETED", "VERSION", "CONFIG_ID") VALUES ('1329725536125837313', '1.3', 'CLOSED', '1', TO_DATE('2020-11-20 17:57:27', 'SYYYY-MM-DD HH24:MI:SS'), '1', TO_DATE('2020-11-20 17:57:32', 'SYYYY-MM-DD HH24:MI:SS'), '1', '1', '1329248842503823361');

INSERT INTO "T_APP_CONFIG_VERSION"("ID", "CONFIG_VERSION", "CONFIG_VERSION_STATUS", "CREATE_BY", "CREATE_TIME", "UPDATE_BY", "UPDATE_TIME", "DELETED", "VERSION", "CONFIG_ID") VALUES ('1329725744364642306', '1.4', 'OPEN', '1', TO_DATE('2020-11-20 17:58:17', 'SYYYY-MM-DD HH24:MI:SS'), '1', TO_DATE('2020-11-20 17:59:30', 'SYYYY-MM-DD HH24:MI:SS'), '1', '1', '1329248842503823361');

INSERT INTO "T_APP_CONFIG_VERSION"("ID", "CONFIG_VERSION", "CONFIG_VERSION_STATUS", "CREATE_BY", "CREATE_TIME", "UPDATE_BY", "UPDATE_TIME", "DELETED", "VERSION", "CONFIG_ID") VALUES ('1330763229106495489', NULL, 'NON_DEPLOY', '1', TO_DATE('2020-11-23 14:40:52', 'SYYYY-MM-DD HH24:MI:SS'), '1', TO_DATE('2020-11-23 14:40:52', 'SYYYY-MM-DD HH24:MI:SS'), '0', '0', '1330763228968083458');

INSERT INTO "T_APP_CONFIG_VERSION"("ID", "CONFIG_VERSION", "CONFIG_VERSION_STATUS", "CREATE_BY", "CREATE_TIME", "UPDATE_BY", "UPDATE_TIME", "DELETED", "VERSION", "CONFIG_ID") VALUES ('1330763341228630018', NULL, 'NON_DEPLOY', '1', TO_DATE('2020-11-23 14:41:19', 'SYYYY-MM-DD HH24:MI:SS'), '1', TO_DATE('2020-11-23 14:41:19', 'SYYYY-MM-DD HH24:MI:SS'), '0', '0', '1329685329041043458');

INSERT INTO "T_APP_CONFIG_VERSION"("ID", "CONFIG_VERSION", "CONFIG_VERSION_STATUS", "CREATE_BY", "CREATE_TIME", "UPDATE_BY", "UPDATE_TIME", "DELETED", "VERSION", "CONFIG_ID") VALUES ('1330763413513265154', NULL, 'NON_DEPLOY', '1', TO_DATE('2020-11-23 14:41:36', 'SYYYY-MM-DD HH24:MI:SS'), '1', TO_DATE('2020-11-23 14:41:36', 'SYYYY-MM-DD HH24:MI:SS'), '0', '0', '1329685329041043458');

INSERT INTO "T_APP_DATASOURCE"("ID", "DATASOURCE_NAME", "DATASOURCE_TYPE", "DATASOURCE_CONNECT_NAME", "DATASOURCE_IP", "DATASOURCE_PORT", "DATASOURCE_USERNAME", "DATASOURCE_PASSWORD", "CREATE_BY", "CREATE_TIME", "UPDATE_BY", "UPDATE_TIME", "DELETED", "VERSION") VALUES ('1326830669863198722', '12', 'oracle', '21', '21', '221', '21', '212', '1', TO_DATE('2020-11-12 18:14:17', 'SYYYY-MM-DD HH24:MI:SS'), '1', TO_DATE('2020-11-12 18:14:34', 'SYYYY-MM-DD HH24:MI:SS'), '1', '0');

INSERT INTO "T_APP_DATASOURCE"("ID", "DATASOURCE_NAME", "DATASOURCE_TYPE", "DATASOURCE_CONNECT_NAME", "DATASOURCE_IP", "DATASOURCE_PORT", "DATASOURCE_USERNAME", "DATASOURCE_PASSWORD", "CREATE_BY", "CREATE_TIME", "UPDATE_BY", "UPDATE_TIME", "DELETED", "VERSION") VALUES ('1329068457782304769', '32', 'mysql', '32', '32', '32', '3232', '32', '1', TO_DATE('2020-11-18 22:26:27', 'SYYYY-MM-DD HH24:MI:SS'), '1', TO_DATE('2020-11-18 22:26:32', 'SYYYY-MM-DD HH24:MI:SS'), '1', '1');

INSERT INTO "T_APP_DATASOURCE"("ID", "DATASOURCE_NAME", "DATASOURCE_TYPE", "DATASOURCE_CONNECT_NAME", "DATASOURCE_IP", "DATASOURCE_PORT", "DATASOURCE_USERNAME", "DATASOURCE_PASSWORD", "CREATE_BY", "CREATE_TIME", "UPDATE_BY", "UPDATE_TIME", "DELETED", "VERSION") VALUES ('1329068686111825921', '33', 'mysql', '32', '32', '32', '32', '32', '1', TO_DATE('2020-11-18 22:27:22', 'SYYYY-MM-DD HH24:MI:SS'), '1', TO_DATE('2020-11-18 22:27:22', 'SYYYY-MM-DD HH24:MI:SS'), '1', '0');

INSERT INTO "T_APP_DATASOURCE"("ID", "DATASOURCE_NAME", "DATASOURCE_TYPE", "DATASOURCE_CONNECT_NAME", "DATASOURCE_IP", "DATASOURCE_PORT", "DATASOURCE_USERNAME", "DATASOURCE_PASSWORD", "CREATE_BY", "CREATE_TIME", "UPDATE_BY", "UPDATE_TIME", "DELETED", "VERSION") VALUES ('1329068701861437442', '33', 'mysql', '32', '3232', '32', '32', '32', '1', TO_DATE('2020-11-18 22:27:26', 'SYYYY-MM-DD HH24:MI:SS'), '1', TO_DATE('2020-11-18 22:27:26', 'SYYYY-MM-DD HH24:MI:SS'), '1', '0');

INSERT INTO "T_APP_DATASOURCE"("ID", "DATASOURCE_NAME", "DATASOURCE_TYPE", "DATASOURCE_CONNECT_NAME", "DATASOURCE_IP", "DATASOURCE_PORT", "DATASOURCE_USERNAME", "DATASOURCE_PASSWORD", "CREATE_BY", "CREATE_TIME", "UPDATE_BY", "UPDATE_TIME", "DELETED", "VERSION") VALUES ('1329246859315257345', '32', 'mysql', '32', '32', '32', '23', '32', '1', TO_DATE('2020-11-19 10:15:22', 'SYYYY-MM-DD HH24:MI:SS'), '1', TO_DATE('2020-11-19 10:15:22', 'SYYYY-MM-DD HH24:MI:SS'), '1', '0');

INSERT INTO "T_APP_DATASOURCE"("ID", "DATASOURCE_NAME", "DATASOURCE_TYPE", "DATASOURCE_CONNECT_NAME", "DATASOURCE_IP", "DATASOURCE_PORT", "DATASOURCE_USERNAME", "DATASOURCE_PASSWORD", "CREATE_BY", "CREATE_TIME", "UPDATE_BY", "UPDATE_TIME", "DELETED", "VERSION") VALUES ('1329248564362747906', 'test', 'mysql', '21', '21', '21', '21', '21', '1', TO_DATE('2020-11-19 10:22:08', 'SYYYY-MM-DD HH24:MI:SS'), '1', TO_DATE('2020-11-19 10:22:08', 'SYYYY-MM-DD HH24:MI:SS'), '1', '0');

INSERT INTO "T_APP_DATASOURCE"("ID", "DATASOURCE_NAME", "DATASOURCE_TYPE", "DATASOURCE_CONNECT_NAME", "DATASOURCE_IP", "DATASOURCE_PORT", "DATASOURCE_USERNAME", "DATASOURCE_PASSWORD", "CREATE_BY", "CREATE_TIME", "UPDATE_BY", "UPDATE_TIME", "DELETED", "VERSION") VALUES ('1329327457979584513', '21', 'oracle', '21', '21', '21', '21', '21', '1', TO_DATE('2020-11-19 15:35:38', 'SYYYY-MM-DD HH24:MI:SS'), '1', TO_DATE('2020-11-19 15:35:38', 'SYYYY-MM-DD HH24:MI:SS'), '1', '0');

INSERT INTO "T_APP_DATASOURCE"("ID", "DATASOURCE_NAME", "DATASOURCE_TYPE", "DATASOURCE_CONNECT_NAME", "DATASOURCE_IP", "DATASOURCE_PORT", "DATASOURCE_USERNAME", "DATASOURCE_PASSWORD", "CREATE_BY", "CREATE_TIME", "UPDATE_BY", "UPDATE_TIME", "DELETED", "VERSION") VALUES ('1329327803497959425', '21', 'sqlserver', '21', '21', '21', '21', '21', '1', TO_DATE('2020-11-19 15:37:00', 'SYYYY-MM-DD HH24:MI:SS'), '1', TO_DATE('2020-11-19 15:37:00', 'SYYYY-MM-DD HH24:MI:SS'), '1', '0');

INSERT INTO "T_APP_DATASOURCE"("ID", "DATASOURCE_NAME", "DATASOURCE_TYPE", "DATASOURCE_CONNECT_NAME", "DATASOURCE_IP", "DATASOURCE_PORT", "DATASOURCE_USERNAME", "DATASOURCE_PASSWORD", "CREATE_BY", "CREATE_TIME", "UPDATE_BY", "UPDATE_TIME", "DELETED", "VERSION") VALUES ('1329327831062925313', '21', 'sqlserver', '21', '21', '21', '21', '21', '1', TO_DATE('2020-11-19 15:37:07', 'SYYYY-MM-DD HH24:MI:SS'), '1', TO_DATE('2020-11-19 15:37:07', 'SYYYY-MM-DD HH24:MI:SS'), '1', '0');

INSERT INTO "T_APP_DATASOURCE"("ID", "DATASOURCE_NAME", "DATASOURCE_TYPE", "DATASOURCE_CONNECT_NAME", "DATASOURCE_IP", "DATASOURCE_PORT", "DATASOURCE_USERNAME", "DATASOURCE_PASSWORD", "CREATE_BY", "CREATE_TIME", "UPDATE_BY", "UPDATE_TIME", "DELETED", "VERSION") VALUES ('1329363139573825538', '545', 'oracle', '54', '54', '54', '54', '54', '1', TO_DATE('2020-11-19 17:57:25', 'SYYYY-MM-DD HH24:MI:SS'), '1', TO_DATE('2020-11-20 16:04:44', 'SYYYY-MM-DD HH24:MI:SS'), '0', '1');

INSERT INTO "T_APP_DATASOURCE"("ID", "DATASOURCE_NAME", "DATASOURCE_TYPE", "DATASOURCE_CONNECT_NAME", "DATASOURCE_IP", "DATASOURCE_PORT", "DATASOURCE_USERNAME", "DATASOURCE_PASSWORD", "CREATE_BY", "CREATE_TIME", "UPDATE_BY", "UPDATE_TIME", "DELETED", "VERSION") VALUES ('1330801323800006657', '测试', 'oracle', '测试', '39.98.150.170', '1521', 'zzht', 'YSD2city', '1', TO_DATE('2020-11-23 17:12:15', 'SYYYY-MM-DD HH24:MI:SS'), '1', TO_DATE('2020-11-23 17:12:15', 'SYYYY-MM-DD HH24:MI:SS'), '0', '0');

INSERT INTO "T_APP_SERVER"("ID", "SERVER_CODE", "SERVER_NAME", "SERVER_IP", "SERVER_PORT", "SERVER_STATE", "SERVER_VERSION", "DATA_SOURCE_ID", "CREATE_BY", "CREATE_TIME", "UPDATE_BY", "UPDATE_TIME", "DELETED", "VERSION", "SYSTEM_ID", "SYSTEM_NAME") VALUES ('1328952450422120449', '72b8e945e3dee9fc774cabdee6764518', '外勤服务', NULL, '0', '0', NULL, NULL, '1', TO_DATE('2020-11-18 14:45:29', 'SYYYY-MM-DD HH24:MI:SS'), '1', TO_DATE('2020-11-18 14:45:29', 'SYYYY-MM-DD HH24:MI:SS'), '0', '0', '778631976918847488', '默认');

INSERT INTO "T_APP_SERVER"("ID", "SERVER_CODE", "SERVER_NAME", "SERVER_IP", "SERVER_PORT", "SERVER_STATE", "SERVER_VERSION", "DATA_SOURCE_ID", "CREATE_BY", "CREATE_TIME", "UPDATE_BY", "UPDATE_TIME", "DELETED", "VERSION", "SYSTEM_ID", "SYSTEM_NAME") VALUES ('1328952509343703042', 'f7096d6ef9ea57481a0c003697adbcfa', '外勤前端', NULL, '0', '0', NULL, NULL, '1', TO_DATE('2020-11-18 14:45:43', 'SYYYY-MM-DD HH24:MI:SS'), '1', TO_DATE('2020-11-18 14:45:43', 'SYYYY-MM-DD HH24:MI:SS'), '0', '0', '778632035840430080', '默认');

INSERT INTO "T_APP_SERVER"("ID", "SERVER_CODE", "SERVER_NAME", "SERVER_IP", "SERVER_PORT", "SERVER_STATE", "SERVER_VERSION", "DATA_SOURCE_ID", "CREATE_BY", "CREATE_TIME", "UPDATE_BY", "UPDATE_TIME", "DELETED", "VERSION", "SYSTEM_ID", "SYSTEM_NAME") VALUES ('1328952558769381377', '1f388d7c32557558f03eb9b0c2d9a93e', 'hbp', NULL, '0', '0', NULL, NULL, '1', TO_DATE('2020-11-18 14:45:55', 'SYYYY-MM-DD HH24:MI:SS'), '1', TO_DATE('2020-11-18 14:45:55', 'SYYYY-MM-DD HH24:MI:SS'), '0', '0', '778632085261914112', '默认');

INSERT INTO "T_APP_SERVER"("ID", "SERVER_CODE", "SERVER_NAME", "SERVER_IP", "SERVER_PORT", "SERVER_STATE", "SERVER_VERSION", "DATA_SOURCE_ID", "CREATE_BY", "CREATE_TIME", "UPDATE_BY", "UPDATE_TIME", "DELETED", "VERSION", "SYSTEM_ID", "SYSTEM_NAME") VALUES ('1328954399523471362', 'b45cffe084dd3d20d928bee85e7b0f21', 'string', 'string', '0', '0', 'string', 'string', '1', TO_DATE('2020-11-18 14:53:14', 'SYYYY-MM-DD HH24:MI:SS'), '1', TO_DATE('2020-11-18 14:53:14', 'SYYYY-MM-DD HH24:MI:SS'), '0', '0', '778633925949001728', NULL);

INSERT INTO "T_APP_SERVER"("ID", "SERVER_CODE", "SERVER_NAME", "SERVER_IP", "SERVER_PORT", "SERVER_STATE", "SERVER_VERSION", "DATA_SOURCE_ID", "CREATE_BY", "CREATE_TIME", "UPDATE_BY", "UPDATE_TIME", "DELETED", "VERSION", "SYSTEM_ID", "SYSTEM_NAME") VALUES ('1328954742617538561', 'b45cffe084dd3d20d928bee85e7b0f21', 'string', 'string', '0', '0', 'string', 'string', '1', TO_DATE('2020-11-18 14:54:36', 'SYYYY-MM-DD HH24:MI:SS'), '1', TO_DATE('2020-11-18 14:54:36', 'SYYYY-MM-DD HH24:MI:SS'), '0', '0', '778634230187036672', NULL);

INSERT INTO "T_APP_SERVER"("ID", "SERVER_CODE", "SERVER_NAME", "SERVER_IP", "SERVER_PORT", "SERVER_STATE", "SERVER_VERSION", "DATA_SOURCE_ID", "CREATE_BY", "CREATE_TIME", "UPDATE_BY", "UPDATE_TIME", "DELETED", "VERSION", "SYSTEM_ID", "SYSTEM_NAME") VALUES ('1328961584831897601', 'b45cffe084dd3d20d928bee85e7b0f21', '项目', 'string', '0', '0', 'string', 'string', '1', TO_DATE('2020-11-18 15:21:47', 'SYYYY-MM-DD HH24:MI:SS'), '1', TO_DATE('2020-11-18 15:21:47', 'SYYYY-MM-DD HH24:MI:SS'), '0', '0', '778641111307653120', NULL);

INSERT INTO "T_APP_SERVER"("ID", "SERVER_CODE", "SERVER_NAME", "SERVER_IP", "SERVER_PORT", "SERVER_STATE", "SERVER_VERSION", "DATA_SOURCE_ID", "CREATE_BY", "CREATE_TIME", "UPDATE_BY", "UPDATE_TIME", "DELETED", "VERSION", "SYSTEM_ID", "SYSTEM_NAME") VALUES ('1328964360299323394', 'b45cffe084dd3d20d928bee85e7b0f21', '项目', 'string', '0', '0', 'string', 'string', '1', TO_DATE('2020-11-18 15:32:49', 'SYYYY-MM-DD HH24:MI:SS'), '1', TO_DATE('2020-11-18 15:32:49', 'SYYYY-MM-DD HH24:MI:SS'), '0', '0', '778643886796050432', NULL);

INSERT INTO "T_APP_SERVER"("ID", "SERVER_CODE", "SERVER_NAME", "SERVER_IP", "SERVER_PORT", "SERVER_STATE", "SERVER_VERSION", "DATA_SOURCE_ID", "CREATE_BY", "CREATE_TIME", "UPDATE_BY", "UPDATE_TIME", "DELETED", "VERSION", "SYSTEM_ID", "SYSTEM_NAME") VALUES ('1328964641053343745', 'b45cffe084dd3d20d928bee85e7b0f21', 'string', 'string', '0', '0', 'string', 'string', '1', TO_DATE('2020-11-18 15:33:56', 'SYYYY-MM-DD HH24:MI:SS'), '1', TO_DATE('2020-11-18 15:33:56', 'SYYYY-MM-DD HH24:MI:SS'), '1', '0', '778644167420153856', '项目');

INSERT INTO "T_APP_SERVER"("ID", "SERVER_CODE", "SERVER_NAME", "SERVER_IP", "SERVER_PORT", "SERVER_STATE", "SERVER_VERSION", "DATA_SOURCE_ID", "CREATE_BY", "CREATE_TIME", "UPDATE_BY", "UPDATE_TIME", "DELETED", "VERSION", "SYSTEM_ID", "SYSTEM_NAME") VALUES ('1329248730092281857', '6364d3f0f495b6ab9dcf8d3b5c6e0b01', '32', '32', '32', '0', NULL, '1329248564362747906', '1', TO_DATE('2020-11-19 10:22:48', 'SYYYY-MM-DD HH24:MI:SS'), '1', TO_DATE('2020-11-19 10:22:48', 'SYYYY-MM-DD HH24:MI:SS'), '1', '0', '778928256542969856', '项目');

INSERT INTO "T_APP_SERVER"("ID", "SERVER_CODE", "SERVER_NAME", "SERVER_IP", "SERVER_PORT", "SERVER_STATE", "SERVER_VERSION", "DATA_SOURCE_ID", "CREATE_BY", "CREATE_TIME", "UPDATE_BY", "UPDATE_TIME", "DELETED", "VERSION", "SYSTEM_ID", "SYSTEM_NAME") VALUES ('1329271976942510081', '6364d3f0f495b6ab9dcf8d3b5c6e0b01', '32', '32', '32', '0', NULL, NULL, '1', TO_DATE('2020-11-19 11:55:10', 'SYYYY-MM-DD HH24:MI:SS'), '1', TO_DATE('2020-11-19 11:55:10', 'SYYYY-MM-DD HH24:MI:SS'), '1', '0', '778951503405780992', '项目');

INSERT INTO "T_APP_SERVER"("ID", "SERVER_CODE", "SERVER_NAME", "SERVER_IP", "SERVER_PORT", "SERVER_STATE", "SERVER_VERSION", "DATA_SOURCE_ID", "CREATE_BY", "CREATE_TIME", "UPDATE_BY", "UPDATE_TIME", "DELETED", "VERSION", "SYSTEM_ID", "SYSTEM_NAME") VALUES ('1329315063425376257', '3c59dc048e8850243be8079a5c74d079', '21', '21', '21', '0', NULL, '1329248564362747906', '1', TO_DATE('2020-11-19 14:46:23', 'SYYYY-MM-DD HH24:MI:SS'), '1', TO_DATE('2020-11-19 14:46:23', 'SYYYY-MM-DD HH24:MI:SS'), '1', '0', '778994589888548864', '项目');

INSERT INTO "T_APP_SERVER"("ID", "SERVER_CODE", "SERVER_NAME", "SERVER_IP", "SERVER_PORT", "SERVER_STATE", "SERVER_VERSION", "DATA_SOURCE_ID", "CREATE_BY", "CREATE_TIME", "UPDATE_BY", "UPDATE_TIME", "DELETED", "VERSION", "SYSTEM_ID", "SYSTEM_NAME") VALUES ('1329317628326158338', '6364d3f0f495b6ab9dcf8d3b5c6e0b01', '32', '32', '32', '0', NULL, NULL, '1', TO_DATE('2020-11-19 14:56:34', 'SYYYY-MM-DD HH24:MI:SS'), '1', TO_DATE('2020-11-19 14:56:34', 'SYYYY-MM-DD HH24:MI:SS'), '1', '0', '778997154818691072', '项目');

INSERT INTO "T_APP_SERVER"("ID", "SERVER_CODE", "SERVER_NAME", "SERVER_IP", "SERVER_PORT", "SERVER_STATE", "SERVER_VERSION", "DATA_SOURCE_ID", "CREATE_BY", "CREATE_TIME", "UPDATE_BY", "UPDATE_TIME", "DELETED", "VERSION", "SYSTEM_ID", "SYSTEM_NAME") VALUES ('1329318469820981249', '6364d3f0f495b6ab9dcf8d3b5c6e0b01', '3221', '321', '232123', '0', '3434', '1329248564362747906', '1', TO_DATE('2020-11-19 14:59:55', 'SYYYY-MM-DD HH24:MI:SS'), '1', TO_DATE('2020-11-19 15:23:03', 'SYYYY-MM-DD HH24:MI:SS'), '1', '7', '778997996317708288', '项目');

INSERT INTO "T_APP_SERVER"("ID", "SERVER_CODE", "SERVER_NAME", "SERVER_IP", "SERVER_PORT", "SERVER_STATE", "SERVER_VERSION", "DATA_SOURCE_ID", "CREATE_BY", "CREATE_TIME", "UPDATE_BY", "UPDATE_TIME", "DELETED", "VERSION", "SYSTEM_ID", "SYSTEM_NAME") VALUES ('1329327875526742018', '3c59dc048e8850243be8079a5c74d079', '21', '21', '21', '0', '21', NULL, '1', TO_DATE('2020-11-19 15:37:17', 'SYYYY-MM-DD HH24:MI:SS'), '1', TO_DATE('2020-11-19 15:38:00', 'SYYYY-MM-DD HH24:MI:SS'), '1', '1', '779007401977319424', '项目');

INSERT INTO "T_APP_SERVER"("ID", "SERVER_CODE", "SERVER_NAME", "SERVER_IP", "SERVER_PORT", "SERVER_STATE", "SERVER_VERSION", "DATA_SOURCE_ID", "CREATE_BY", "CREATE_TIME", "UPDATE_BY", "UPDATE_TIME", "DELETED", "VERSION", "SYSTEM_ID", "SYSTEM_NAME") VALUES ('1329358296062869506', '182be0c5cdcd5072bb1864cdee4d3d6e', '33', '32', '32', '0', '32', NULL, '1', TO_DATE('2020-11-19 17:38:10', 'SYYYY-MM-DD HH24:MI:SS'), '1', TO_DATE('2020-11-19 17:38:10', 'SYYYY-MM-DD HH24:MI:SS'), '1', '0', '779037822467313664', '项目');

INSERT INTO "T_APP_SERVER"("ID", "SERVER_CODE", "SERVER_NAME", "SERVER_IP", "SERVER_PORT", "SERVER_STATE", "SERVER_VERSION", "DATA_SOURCE_ID", "CREATE_BY", "CREATE_TIME", "UPDATE_BY", "UPDATE_TIME", "DELETED", "VERSION", "SYSTEM_ID", "SYSTEM_NAME") VALUES ('1329596178836975618', 'b45cffe084dd3d20d928bee85e7b0f21', 'string', 'string', '0', '0', 'string', 'string', '1', TO_DATE('2020-11-20 09:23:26', 'SYYYY-MM-DD HH24:MI:SS'), '1', TO_DATE('2020-11-20 09:23:26', 'SYYYY-MM-DD HH24:MI:SS'), '1', '0', 'string', '项目');

INSERT INTO "T_APP_SERVER"("ID", "SERVER_CODE", "SERVER_NAME", "SERVER_IP", "SERVER_PORT", "SERVER_STATE", "SERVER_VERSION", "DATA_SOURCE_ID", "CREATE_BY", "CREATE_TIME", "UPDATE_BY", "UPDATE_TIME", "DELETED", "VERSION", "SYSTEM_ID", "SYSTEM_NAME") VALUES ('1329596240744902657', 'b45cffe084dd3d20d928bee85e7b0f21', 'string', 'string', '0', '0', 'string', 'string', '1', TO_DATE('2020-11-20 09:23:41', 'SYYYY-MM-DD HH24:MI:SS'), '1', TO_DATE('2020-11-20 09:23:41', 'SYYYY-MM-DD HH24:MI:SS'), '1', '0', 'string', '项目');

INSERT INTO "T_APP_SERVER"("ID", "SERVER_CODE", "SERVER_NAME", "SERVER_IP", "SERVER_PORT", "SERVER_STATE", "SERVER_VERSION", "DATA_SOURCE_ID", "CREATE_BY", "CREATE_TIME", "UPDATE_BY", "UPDATE_TIME", "DELETED", "VERSION", "SYSTEM_ID", "SYSTEM_NAME") VALUES ('1329596757835472898', 'b45cffe084dd3d20d928bee85e7b0f21', 'string', 'string', '0', '0', 'string', 'string', '1', TO_DATE('2020-11-20 09:25:44', 'SYYYY-MM-DD HH24:MI:SS'), '1', TO_DATE('2020-11-20 09:25:44', 'SYYYY-MM-DD HH24:MI:SS'), '1', '0', 'string', '项目');

INSERT INTO "T_APP_SERVER"("ID", "SERVER_CODE", "SERVER_NAME", "SERVER_IP", "SERVER_PORT", "SERVER_STATE", "SERVER_VERSION", "DATA_SOURCE_ID", "CREATE_BY", "CREATE_TIME", "UPDATE_BY", "UPDATE_TIME", "DELETED", "VERSION", "SYSTEM_ID", "SYSTEM_NAME") VALUES ('1329597505239474178', 'd41d8cd98f00b204e9800998ecf8427e', NULL, 'string', '0', '0', 'string', 'string', '1', TO_DATE('2020-11-20 09:28:42', 'SYYYY-MM-DD HH24:MI:SS'), '1', TO_DATE('2020-11-20 09:28:42', 'SYYYY-MM-DD HH24:MI:SS'), '1', '0', 'string', '项目');

INSERT INTO "T_APP_SERVER"("ID", "SERVER_CODE", "SERVER_NAME", "SERVER_IP", "SERVER_PORT", "SERVER_STATE", "SERVER_VERSION", "DATA_SOURCE_ID", "CREATE_BY", "CREATE_TIME", "UPDATE_BY", "UPDATE_TIME", "DELETED", "VERSION", "SYSTEM_ID", "SYSTEM_NAME") VALUES ('1329682261566234626', '3c59dc048e8850243be8079a5c74d079', '21', '21', '21', '0', '21', '1329363139573825538', '1', TO_DATE('2020-11-20 15:05:30', 'SYYYY-MM-DD HH24:MI:SS'), '1', TO_DATE('2020-11-20 15:05:30', 'SYYYY-MM-DD HH24:MI:SS'), '1', '0', '779361788033634304', '项目');

INSERT INTO "T_APP_SERVER"("ID", "SERVER_CODE", "SERVER_NAME", "SERVER_IP", "SERVER_PORT", "SERVER_STATE", "SERVER_VERSION", "DATA_SOURCE_ID", "CREATE_BY", "CREATE_TIME", "UPDATE_BY", "UPDATE_TIME", "DELETED", "VERSION", "SYSTEM_ID", "SYSTEM_NAME") VALUES ('1329684971187294209', '1534b76d325a8f591b52d302e7181331', '212', '2', '21', '0', '2', NULL, '1', TO_DATE('2020-11-20 15:16:16', 'SYYYY-MM-DD HH24:MI:SS'), '1', TO_DATE('2020-11-20 15:16:16', 'SYYYY-MM-DD HH24:MI:SS'), '0', '0', '779364497650487296', '项目');

INSERT INTO "T_APP_SERVER"("ID", "SERVER_CODE", "SERVER_NAME", "SERVER_IP", "SERVER_PORT", "SERVER_STATE", "SERVER_VERSION", "DATA_SOURCE_ID", "CREATE_BY", "CREATE_TIME", "UPDATE_BY", "UPDATE_TIME", "DELETED", "VERSION", "SYSTEM_ID", "SYSTEM_NAME") VALUES ('1329685120714231809', 'abdbeb4d8dbe30df8430a8394b7218ef', '2122', '21', '21', '0', '2', NULL, '1', TO_DATE('2020-11-20 15:16:51', 'SYYYY-MM-DD HH24:MI:SS'), '1', TO_DATE('2020-11-20 15:16:51', 'SYYYY-MM-DD HH24:MI:SS'), '1', '0', '779364647210979328', '项目');

INSERT INTO "T_APP_SERVER"("ID", "SERVER_CODE", "SERVER_NAME", "SERVER_IP", "SERVER_PORT", "SERVER_STATE", "SERVER_VERSION", "DATA_SOURCE_ID", "CREATE_BY", "CREATE_TIME", "UPDATE_BY", "UPDATE_TIME", "DELETED", "VERSION", "SYSTEM_ID", "SYSTEM_NAME") VALUES ('1329685328894242817', '68fc61f6fd79afe9607a3ec58f2e6ad1', '32', '21', '21', '0', '21', '1329363139573825538', '1', TO_DATE('2020-11-20 15:17:41', 'SYYYY-MM-DD HH24:MI:SS'), '1', TO_DATE('2020-11-20 18:14:47', 'SYYYY-MM-DD HH24:MI:SS'), '0', '5', '779364855370092544', '项目')