CREATE TABLE [dbo].[T_APP_CONFIG] (
  [ID] varchar(64) COLLATE Chinese_PRC_CI_AS  NOT NULL,
  [CONFIG_NAME] varchar(64) COLLATE Chinese_PRC_CI_AS  NULL,
  [CONFIG_KEY] varchar(64) COLLATE Chinese_PRC_CI_AS  NULL,
  [ROLE_ID] varchar(64) COLLATE Chinese_PRC_CI_AS  NULL,
  [SERVER_ID] varchar(64) COLLATE Chinese_PRC_CI_AS  NULL,
  [CONFIG_JSON] varchar(max) COLLATE Chinese_PRC_CI_AS  NULL,
  [CONFIG_VERSION_ID] varchar(64) COLLATE Chinese_PRC_CI_AS  NULL,
  [CREATE_BY] varchar(64) COLLATE Chinese_PRC_CI_AS  NULL,
  [CREATE_TIME] datetime2(0)  NULL,
  [UPDATE_BY] varchar(64) COLLATE Chinese_PRC_CI_AS  NULL,
  [UPDATE_TIME] datetime2(0)  NULL,
  [DELETED] decimal(1)  NULL,
  [VERSION] decimal(18)  NULL,
  CONSTRAINT [SYS_C0017176] PRIMARY KEY CLUSTERED ([ID])
WITH (PAD_INDEX = OFF, STATISTICS_NORECOMPUTE = OFF, IGNORE_DUP_KEY = OFF, ALLOW_ROW_LOCKS = ON, ALLOW_PAGE_LOCKS = ON)  
ON [PRIMARY]
)
GO

ALTER TABLE [dbo].[T_APP_CONFIG] SET (LOCK_ESCALATION = TABLE)
GO

EXEC sp_addextendedproperty
'MS_Description', N'主键',
'SCHEMA', N'dbo',
'TABLE', N'T_APP_CONFIG',
'COLUMN', N'ID'
GO

EXEC sp_addextendedproperty
'MS_Description', N'配置名称',
'SCHEMA', N'dbo',
'TABLE', N'T_APP_CONFIG',
'COLUMN', N'CONFIG_NAME'
GO

EXEC sp_addextendedproperty
'MS_Description', N'配置key',
'SCHEMA', N'dbo',
'TABLE', N'T_APP_CONFIG',
'COLUMN', N'CONFIG_KEY'
GO

EXEC sp_addextendedproperty
'MS_Description', N'角色ID',
'SCHEMA', N'dbo',
'TABLE', N'T_APP_CONFIG',
'COLUMN', N'ROLE_ID'
GO

EXEC sp_addextendedproperty
'MS_Description', N'服务ID',
'SCHEMA', N'dbo',
'TABLE', N'T_APP_CONFIG',
'COLUMN', N'SERVER_ID'
GO

EXEC sp_addextendedproperty
'MS_Description', N'配置JSON数据',
'SCHEMA', N'dbo',
'TABLE', N'T_APP_CONFIG',
'COLUMN', N'CONFIG_JSON'
GO

EXEC sp_addextendedproperty
'MS_Description', N'配置版本信息',
'SCHEMA', N'dbo',
'TABLE', N'T_APP_CONFIG',
'COLUMN', N'CONFIG_VERSION_ID'
GO

EXEC sp_addextendedproperty
'MS_Description', N'创建人',
'SCHEMA', N'dbo',
'TABLE', N'T_APP_CONFIG',
'COLUMN', N'CREATE_BY'
GO

EXEC sp_addextendedproperty
'MS_Description', N'创建时间',
'SCHEMA', N'dbo',
'TABLE', N'T_APP_CONFIG',
'COLUMN', N'CREATE_TIME'
GO

EXEC sp_addextendedproperty
'MS_Description', N'更新人',
'SCHEMA', N'dbo',
'TABLE', N'T_APP_CONFIG',
'COLUMN', N'UPDATE_BY'
GO

EXEC sp_addextendedproperty
'MS_Description', N'更新时间',
'SCHEMA', N'dbo',
'TABLE', N'T_APP_CONFIG',
'COLUMN', N'UPDATE_TIME'
GO

EXEC sp_addextendedproperty
'MS_Description', N'删除标识',
'SCHEMA', N'dbo',
'TABLE', N'T_APP_CONFIG',
'COLUMN', N'DELETED'
GO

EXEC sp_addextendedproperty
'MS_Description', N'乐观锁标识',
'SCHEMA', N'dbo',
'TABLE', N'T_APP_CONFIG',
'COLUMN', N'VERSION'
GO

CREATE TABLE [dbo].[T_APP_CONFIG_DATA] (
  [ID] varchar(64) COLLATE Chinese_PRC_CI_AS  NOT NULL,
  [CONFIG_DATA_KEY] varchar(64) COLLATE Chinese_PRC_CI_AS  NULL,
  [CONFIG_DATA_TYPE] varchar(64) COLLATE Chinese_PRC_CI_AS  NULL,
  [CONFIG_DATA_VALUE] varchar(max) COLLATE Chinese_PRC_CI_AS  NULL,
  [CONFIG_DATA_STORE_STATE] varchar(20) COLLATE Chinese_PRC_CI_AS  NULL,
  [CONFIG_VERSION_ID] varchar(64) COLLATE Chinese_PRC_CI_AS  NULL,
  [CREATE_BY] varchar(64) COLLATE Chinese_PRC_CI_AS  NULL,
  [CREATE_TIME] datetime2(0)  NULL,
  [UPDATE_BY] varchar(64) COLLATE Chinese_PRC_CI_AS  NULL,
  [UPDATE_TIME] datetime2(0)  NULL,
  [DELETED] decimal(1)  NULL,
  [VERSION] decimal(18)  NULL,
  CONSTRAINT [SYS_C0017180] PRIMARY KEY CLUSTERED ([ID])
WITH (PAD_INDEX = OFF, STATISTICS_NORECOMPUTE = OFF, IGNORE_DUP_KEY = OFF, ALLOW_ROW_LOCKS = ON, ALLOW_PAGE_LOCKS = ON)  
ON [PRIMARY]
)
GO

ALTER TABLE [dbo].[T_APP_CONFIG_DATA] SET (LOCK_ESCALATION = TABLE)
GO

EXEC sp_addextendedproperty
'MS_Description', N'主键',
'SCHEMA', N'dbo',
'TABLE', N'T_APP_CONFIG_DATA',
'COLUMN', N'ID'
GO

EXEC sp_addextendedproperty
'MS_Description', N'配置JSON KEY',
'SCHEMA', N'dbo',
'TABLE', N'T_APP_CONFIG_DATA',
'COLUMN', N'CONFIG_DATA_KEY'
GO

EXEC sp_addextendedproperty
'MS_Description', N'配置数据的类型，从HBP，文件，或者自定义获取value',
'SCHEMA', N'dbo',
'TABLE', N'T_APP_CONFIG_DATA',
'COLUMN', N'CONFIG_DATA_TYPE'
GO

EXEC sp_addextendedproperty
'MS_Description', N'配置的JSON数据',
'SCHEMA', N'dbo',
'TABLE', N'T_APP_CONFIG_DATA',
'COLUMN', N'CONFIG_DATA_VALUE'
GO

EXEC sp_addextendedproperty
'MS_Description', N'配置数据的存储状态，DEPOLY（发布），SAVE（存储），SAVE_TEMP（暂存）',
'SCHEMA', N'dbo',
'TABLE', N'T_APP_CONFIG_DATA',
'COLUMN', N'CONFIG_DATA_STORE_STATE'
GO

EXEC sp_addextendedproperty
'MS_Description', N'配置的版本ID',
'SCHEMA', N'dbo',
'TABLE', N'T_APP_CONFIG_DATA',
'COLUMN', N'CONFIG_VERSION_ID'
GO

EXEC sp_addextendedproperty
'MS_Description', N'创建人',
'SCHEMA', N'dbo',
'TABLE', N'T_APP_CONFIG_DATA',
'COLUMN', N'CREATE_BY'
GO

EXEC sp_addextendedproperty
'MS_Description', N'创建时间',
'SCHEMA', N'dbo',
'TABLE', N'T_APP_CONFIG_DATA',
'COLUMN', N'CREATE_TIME'
GO

EXEC sp_addextendedproperty
'MS_Description', N'更新人',
'SCHEMA', N'dbo',
'TABLE', N'T_APP_CONFIG_DATA',
'COLUMN', N'UPDATE_BY'
GO

EXEC sp_addextendedproperty
'MS_Description', N'更新时间',
'SCHEMA', N'dbo',
'TABLE', N'T_APP_CONFIG_DATA',
'COLUMN', N'UPDATE_TIME'
GO

EXEC sp_addextendedproperty
'MS_Description', N'删除标识',
'SCHEMA', N'dbo',
'TABLE', N'T_APP_CONFIG_DATA',
'COLUMN', N'DELETED'
GO

EXEC sp_addextendedproperty
'MS_Description', N'乐观锁标识',
'SCHEMA', N'dbo',
'TABLE', N'T_APP_CONFIG_DATA',
'COLUMN', N'VERSION'
GO

EXEC sp_addextendedproperty
'MS_Description', N'应用配置数据',
'SCHEMA', N'dbo',
'TABLE', N'T_APP_CONFIG_DATA'
GO

CREATE TABLE [dbo].[T_APP_CONFIG_VERSION] (
  [ID] varchar(64) COLLATE Chinese_PRC_CI_AS  NOT NULL,
  [CONFIG_VERSION] varchar(64) COLLATE Chinese_PRC_CI_AS  NULL,
  [CONFIG_VERSION_STATUS] varchar(64) COLLATE Chinese_PRC_CI_AS  NULL,
  [CREATE_BY] varchar(64) COLLATE Chinese_PRC_CI_AS  NULL,
  [CREATE_TIME] datetime2(0)  NULL,
  [UPDATE_BY] varchar(64) COLLATE Chinese_PRC_CI_AS  NULL,
  [UPDATE_TIME] datetime2(0)  NULL,
  [DELETED] decimal(1)  NULL,
  [VERSION] decimal(18)  NULL,
  [CONFIG_ID] varchar(64) COLLATE Chinese_PRC_CI_AS  NULL,
  CONSTRAINT [SYS_C0017178] PRIMARY KEY CLUSTERED ([ID])
WITH (PAD_INDEX = OFF, STATISTICS_NORECOMPUTE = OFF, IGNORE_DUP_KEY = OFF, ALLOW_ROW_LOCKS = ON, ALLOW_PAGE_LOCKS = ON)  
ON [PRIMARY]
)
GO

ALTER TABLE [dbo].[T_APP_CONFIG_VERSION] SET (LOCK_ESCALATION = TABLE)
GO

EXEC sp_addextendedproperty
'MS_Description', N'主键',
'SCHEMA', N'dbo',
'TABLE', N'T_APP_CONFIG_VERSION',
'COLUMN', N'ID'
GO

EXEC sp_addextendedproperty
'MS_Description', N'配置版本号',
'SCHEMA', N'dbo',
'TABLE', N'T_APP_CONFIG_VERSION',
'COLUMN', N'CONFIG_VERSION'
GO

EXEC sp_addextendedproperty
'MS_Description', N'配置版本状态',
'SCHEMA', N'dbo',
'TABLE', N'T_APP_CONFIG_VERSION',
'COLUMN', N'CONFIG_VERSION_STATUS'
GO

EXEC sp_addextendedproperty
'MS_Description', N'创建人',
'SCHEMA', N'dbo',
'TABLE', N'T_APP_CONFIG_VERSION',
'COLUMN', N'CREATE_BY'
GO

EXEC sp_addextendedproperty
'MS_Description', N'创建时间',
'SCHEMA', N'dbo',
'TABLE', N'T_APP_CONFIG_VERSION',
'COLUMN', N'CREATE_TIME'
GO

EXEC sp_addextendedproperty
'MS_Description', N'更新人',
'SCHEMA', N'dbo',
'TABLE', N'T_APP_CONFIG_VERSION',
'COLUMN', N'UPDATE_BY'
GO

EXEC sp_addextendedproperty
'MS_Description', N'更新时间',
'SCHEMA', N'dbo',
'TABLE', N'T_APP_CONFIG_VERSION',
'COLUMN', N'UPDATE_TIME'
GO

EXEC sp_addextendedproperty
'MS_Description', N'删除标识',
'SCHEMA', N'dbo',
'TABLE', N'T_APP_CONFIG_VERSION',
'COLUMN', N'DELETED'
GO

EXEC sp_addextendedproperty
'MS_Description', N'乐观锁标识',
'SCHEMA', N'dbo',
'TABLE', N'T_APP_CONFIG_VERSION',
'COLUMN', N'VERSION'
GO

EXEC sp_addextendedproperty
'MS_Description', N'配置ID',
'SCHEMA', N'dbo',
'TABLE', N'T_APP_CONFIG_VERSION',
'COLUMN', N'CONFIG_ID'
GO

EXEC sp_addextendedproperty
'MS_Description', N'应用配置版本信息',
'SCHEMA', N'dbo',
'TABLE', N'T_APP_CONFIG_VERSION'
GO

CREATE TABLE [dbo].[T_APP_DATASOURCE] (
  [ID] varchar(64) COLLATE Chinese_PRC_CI_AS  NOT NULL,
  [DATASOURCE_NAME] varchar(64) COLLATE Chinese_PRC_CI_AS  NULL,
  [DATASOURCE_TYPE] varchar(64) COLLATE Chinese_PRC_CI_AS  NULL,
  [DATASOURCE_CONNECT_NAME] varchar(64) COLLATE Chinese_PRC_CI_AS  NULL,
  [DATASOURCE_IP] varchar(64) COLLATE Chinese_PRC_CI_AS  NULL,
  [DATASOURCE_PORT] varchar(64) COLLATE Chinese_PRC_CI_AS  NULL,
  [DATASOURCE_USERNAME] varchar(64) COLLATE Chinese_PRC_CI_AS  NULL,
  [DATASOURCE_PASSWORD] varchar(64) COLLATE Chinese_PRC_CI_AS  NULL,
  [CREATE_BY] varchar(64) COLLATE Chinese_PRC_CI_AS  NULL,
  [CREATE_TIME] datetime2(0)  NULL,
  [UPDATE_BY] varchar(64) COLLATE Chinese_PRC_CI_AS  NULL,
  [UPDATE_TIME] datetime2(0)  NULL,
  [DELETED] decimal(1)  NULL,
  [VERSION] decimal(18)  NULL,
  CONSTRAINT [SYS_C0017174] PRIMARY KEY CLUSTERED ([ID])
WITH (PAD_INDEX = OFF, STATISTICS_NORECOMPUTE = OFF, IGNORE_DUP_KEY = OFF, ALLOW_ROW_LOCKS = ON, ALLOW_PAGE_LOCKS = ON)  
ON [PRIMARY]
)
GO

ALTER TABLE [dbo].[T_APP_DATASOURCE] SET (LOCK_ESCALATION = TABLE)
GO

EXEC sp_addextendedproperty
'MS_Description', N'主键',
'SCHEMA', N'dbo',
'TABLE', N'T_APP_DATASOURCE',
'COLUMN', N'ID'
GO

EXEC sp_addextendedproperty
'MS_Description', N'数据源名称',
'SCHEMA', N'dbo',
'TABLE', N'T_APP_DATASOURCE',
'COLUMN', N'DATASOURCE_NAME'
GO

EXEC sp_addextendedproperty
'MS_Description', N'数据源类型',
'SCHEMA', N'dbo',
'TABLE', N'T_APP_DATASOURCE',
'COLUMN', N'DATASOURCE_TYPE'
GO

EXEC sp_addextendedproperty
'MS_Description', N'数据源连接名称',
'SCHEMA', N'dbo',
'TABLE', N'T_APP_DATASOURCE',
'COLUMN', N'DATASOURCE_CONNECT_NAME'
GO

EXEC sp_addextendedproperty
'MS_Description', N'数据源IP',
'SCHEMA', N'dbo',
'TABLE', N'T_APP_DATASOURCE',
'COLUMN', N'DATASOURCE_IP'
GO

EXEC sp_addextendedproperty
'MS_Description', N'数据源端口',
'SCHEMA', N'dbo',
'TABLE', N'T_APP_DATASOURCE',
'COLUMN', N'DATASOURCE_PORT'
GO

EXEC sp_addextendedproperty
'MS_Description', N'数据源用户名',
'SCHEMA', N'dbo',
'TABLE', N'T_APP_DATASOURCE',
'COLUMN', N'DATASOURCE_USERNAME'
GO

EXEC sp_addextendedproperty
'MS_Description', N'数据源密码',
'SCHEMA', N'dbo',
'TABLE', N'T_APP_DATASOURCE',
'COLUMN', N'DATASOURCE_PASSWORD'
GO

EXEC sp_addextendedproperty
'MS_Description', N'创建人',
'SCHEMA', N'dbo',
'TABLE', N'T_APP_DATASOURCE',
'COLUMN', N'CREATE_BY'
GO

EXEC sp_addextendedproperty
'MS_Description', N'创建时间',
'SCHEMA', N'dbo',
'TABLE', N'T_APP_DATASOURCE',
'COLUMN', N'CREATE_TIME'
GO

EXEC sp_addextendedproperty
'MS_Description', N'更新人',
'SCHEMA', N'dbo',
'TABLE', N'T_APP_DATASOURCE',
'COLUMN', N'UPDATE_BY'
GO

EXEC sp_addextendedproperty
'MS_Description', N'更新时间',
'SCHEMA', N'dbo',
'TABLE', N'T_APP_DATASOURCE',
'COLUMN', N'UPDATE_TIME'
GO

EXEC sp_addextendedproperty
'MS_Description', N'删除标识',
'SCHEMA', N'dbo',
'TABLE', N'T_APP_DATASOURCE',
'COLUMN', N'DELETED'
GO

EXEC sp_addextendedproperty
'MS_Description', N'乐观锁标识',
'SCHEMA', N'dbo',
'TABLE', N'T_APP_DATASOURCE',
'COLUMN', N'VERSION'
GO

EXEC sp_addextendedproperty
'MS_Description', N'应用数据源',
'SCHEMA', N'dbo',
'TABLE', N'T_APP_DATASOURCE'
GO

CREATE TABLE [dbo].[T_APP_SERVER] (
  [ID] varchar(64) COLLATE Chinese_PRC_CI_AS  NOT NULL,
  [SERVER_CODE] varchar(64) COLLATE Chinese_PRC_CI_AS  NULL,
  [SERVER_NAME] varchar(64) COLLATE Chinese_PRC_CI_AS  NULL,
  [SERVER_IP] varchar(64) COLLATE Chinese_PRC_CI_AS  NULL,
  [SERVER_PORT] decimal(18)  NULL,
  [SERVER_STATE] decimal(18)  NULL,
  [SERVER_VERSION] varchar(64) COLLATE Chinese_PRC_CI_AS  NULL,
  [DATA_SOURCE_ID] varchar(64) COLLATE Chinese_PRC_CI_AS  NULL,
  [CREATE_BY] varchar(64) COLLATE Chinese_PRC_CI_AS  NULL,
  [CREATE_TIME] datetime2(0)  NULL,
  [UPDATE_BY] varchar(64) COLLATE Chinese_PRC_CI_AS  NULL,
  [UPDATE_TIME] datetime2(0)  NULL,
  [DELETED] decimal(1)  NULL,
  [VERSION] decimal(18)  NULL,
  [SYSTEM_ID] varchar(64) COLLATE Chinese_PRC_CI_AS  NULL,
  [SYSTEM_NAME] varchar(64) COLLATE Chinese_PRC_CI_AS  NULL,
  CONSTRAINT [SYS_C0017172] PRIMARY KEY CLUSTERED ([ID])
WITH (PAD_INDEX = OFF, STATISTICS_NORECOMPUTE = OFF, IGNORE_DUP_KEY = OFF, ALLOW_ROW_LOCKS = ON, ALLOW_PAGE_LOCKS = ON)  
ON [PRIMARY]
)
GO

ALTER TABLE [dbo].[T_APP_SERVER] SET (LOCK_ESCALATION = TABLE)
GO

EXEC sp_addextendedproperty
'MS_Description', N'主键',
'SCHEMA', N'dbo',
'TABLE', N'T_APP_SERVER',
'COLUMN', N'ID'
GO

EXEC sp_addextendedproperty
'MS_Description', N'服务code',
'SCHEMA', N'dbo',
'TABLE', N'T_APP_SERVER',
'COLUMN', N'SERVER_CODE'
GO

EXEC sp_addextendedproperty
'MS_Description', N'服务名称',
'SCHEMA', N'dbo',
'TABLE', N'T_APP_SERVER',
'COLUMN', N'SERVER_NAME'
GO

EXEC sp_addextendedproperty
'MS_Description', N'服务ip',
'SCHEMA', N'dbo',
'TABLE', N'T_APP_SERVER',
'COLUMN', N'SERVER_IP'
GO

EXEC sp_addextendedproperty
'MS_Description', N'服务端口',
'SCHEMA', N'dbo',
'TABLE', N'T_APP_SERVER',
'COLUMN', N'SERVER_PORT'
GO

EXEC sp_addextendedproperty
'MS_Description', N'服务状态，0关机，1.开始，2.异常',
'SCHEMA', N'dbo',
'TABLE', N'T_APP_SERVER',
'COLUMN', N'SERVER_STATE'
GO

EXEC sp_addextendedproperty
'MS_Description', N'服务版本',
'SCHEMA', N'dbo',
'TABLE', N'T_APP_SERVER',
'COLUMN', N'SERVER_VERSION'
GO

EXEC sp_addextendedproperty
'MS_Description', N'数据源ID',
'SCHEMA', N'dbo',
'TABLE', N'T_APP_SERVER',
'COLUMN', N'DATA_SOURCE_ID'
GO

EXEC sp_addextendedproperty
'MS_Description', N'创建人',
'SCHEMA', N'dbo',
'TABLE', N'T_APP_SERVER',
'COLUMN', N'CREATE_BY'
GO

EXEC sp_addextendedproperty
'MS_Description', N'创建时间',
'SCHEMA', N'dbo',
'TABLE', N'T_APP_SERVER',
'COLUMN', N'CREATE_TIME'
GO

EXEC sp_addextendedproperty
'MS_Description', N'更新人',
'SCHEMA', N'dbo',
'TABLE', N'T_APP_SERVER',
'COLUMN', N'UPDATE_BY'
GO

EXEC sp_addextendedproperty
'MS_Description', N'更新时间',
'SCHEMA', N'dbo',
'TABLE', N'T_APP_SERVER',
'COLUMN', N'UPDATE_TIME'
GO

EXEC sp_addextendedproperty
'MS_Description', N'删除标识',
'SCHEMA', N'dbo',
'TABLE', N'T_APP_SERVER',
'COLUMN', N'DELETED'
GO

EXEC sp_addextendedproperty
'MS_Description', N'乐观锁标识',
'SCHEMA', N'dbo',
'TABLE', N'T_APP_SERVER',
'COLUMN', N'VERSION'
GO

EXEC sp_addextendedproperty
'MS_Description', N'系统ID/项目ID',
'SCHEMA', N'dbo',
'TABLE', N'T_APP_SERVER',
'COLUMN', N'SYSTEM_ID'
GO

EXEC sp_addextendedproperty
'MS_Description', N'系统名/项目名',
'SCHEMA', N'dbo',
'TABLE', N'T_APP_SERVER',
'COLUMN', N'SYSTEM_NAME'
GO

EXEC sp_addextendedproperty
'MS_Description', N'应用服务',
'SCHEMA', N'dbo',
'TABLE', N'T_APP_SERVER'

INSERT INTO [dbo].[T_APP_CONFIG]([ID], [CONFIG_NAME], [CONFIG_KEY], [ROLE_ID], [SERVER_ID], [CONFIG_JSON], [CONFIG_VERSION_ID], [CREATE_BY], [CREATE_TIME], [UPDATE_BY], [UPDATE_TIME], [DELETED], [VERSION]) VALUES ('1327160140873043969', 'string', 'string', 'string', 'string', 'string', 'string', '1', '2020-11-13 16:03:29', '1', '2020-11-13 16:03:29', 0, 0)
GO

INSERT INTO [dbo].[T_APP_CONFIG]([ID], [CONFIG_NAME], [CONFIG_KEY], [ROLE_ID], [SERVER_ID], [CONFIG_JSON], [CONFIG_VERSION_ID], [CREATE_BY], [CREATE_TIME], [UPDATE_BY], [UPDATE_TIME], [DELETED], [VERSION]) VALUES ('1327163837137022978', 'string', 'DEFAULT', 'string', 'string', '{"212":"","21":"21"}', 'string', '1', '2020-11-13 16:18:10', '1', '2020-11-18 11:43:56', 0, 23)
GO

INSERT INTO [dbo].[T_APP_CONFIG]([ID], [CONFIG_NAME], [CONFIG_KEY], [ROLE_ID], [SERVER_ID], [CONFIG_JSON], [CONFIG_VERSION_ID], [CREATE_BY], [CREATE_TIME], [UPDATE_BY], [UPDATE_TIME], [DELETED], [VERSION]) VALUES ('1327166119710806017', 'string', 'string', 'string', '1327095788396572673', 'string', 'string', '1', '2020-11-13 16:27:15', '1', '2020-11-13 16:27:15', 0, 0)
GO

INSERT INTO [dbo].[T_APP_CONFIG]([ID], [CONFIG_NAME], [CONFIG_KEY], [ROLE_ID], [SERVER_ID], [CONFIG_JSON], [CONFIG_VERSION_ID], [CREATE_BY], [CREATE_TIME], [UPDATE_BY], [UPDATE_TIME], [DELETED], [VERSION]) VALUES ('1328995297452048386', '121', '21', NULL, '1328952450422120449', '{}', NULL, '1', '2020-11-18 17:35:45', '1', '2020-11-18 19:34:47', 1, 1)
GO

INSERT INTO [dbo].[T_APP_CONFIG]([ID], [CONFIG_NAME], [CONFIG_KEY], [ROLE_ID], [SERVER_ID], [CONFIG_JSON], [CONFIG_VERSION_ID], [CREATE_BY], [CREATE_TIME], [UPDATE_BY], [UPDATE_TIME], [DELETED], [VERSION]) VALUES ('1328995379693961217', '21', '21', NULL, '1328952450422120449', NULL, NULL, '1', '2020-11-18 17:36:04', '1', '2020-11-18 17:36:04', 1, 0)
GO

INSERT INTO [dbo].[T_APP_CONFIG]([ID], [CONFIG_NAME], [CONFIG_KEY], [ROLE_ID], [SERVER_ID], [CONFIG_JSON], [CONFIG_VERSION_ID], [CREATE_BY], [CREATE_TIME], [UPDATE_BY], [UPDATE_TIME], [DELETED], [VERSION]) VALUES ('1328999308183965697', '3232', '323', NULL, '1328964641053343745', '{"4343":{"212":2121}}', NULL, '1', '2020-11-18 17:51:41', '1', '2020-11-18 17:54:57', 1, 3)
GO

INSERT INTO [dbo].[T_APP_CONFIG]([ID], [CONFIG_NAME], [CONFIG_KEY], [ROLE_ID], [SERVER_ID], [CONFIG_JSON], [CONFIG_VERSION_ID], [CREATE_BY], [CREATE_TIME], [UPDATE_BY], [UPDATE_TIME], [DELETED], [VERSION]) VALUES ('1329029997226868738', '3232', '3232', NULL, '1328952450422120449', NULL, NULL, '1', '2020-11-18 19:53:38', '1', '2020-11-18 19:53:38', 1, 0)
GO

INSERT INTO [dbo].[T_APP_CONFIG]([ID], [CONFIG_NAME], [CONFIG_KEY], [ROLE_ID], [SERVER_ID], [CONFIG_JSON], [CONFIG_VERSION_ID], [CREATE_BY], [CREATE_TIME], [UPDATE_BY], [UPDATE_TIME], [DELETED], [VERSION]) VALUES ('1329030683951874050', '43', '43', NULL, '1328952450422120449', NULL, NULL, '1', '2020-11-18 19:56:21', '1', '2020-11-18 19:56:21', 1, 0)
GO

INSERT INTO [dbo].[T_APP_CONFIG]([ID], [CONFIG_NAME], [CONFIG_KEY], [ROLE_ID], [SERVER_ID], [CONFIG_JSON], [CONFIG_VERSION_ID], [CREATE_BY], [CREATE_TIME], [UPDATE_BY], [UPDATE_TIME], [DELETED], [VERSION]) VALUES ('1329030779074494466', '76', '76', NULL, '1328952450422120449', NULL, NULL, '1', '2020-11-18 19:56:44', '1', '2020-11-18 19:56:44', 1, 0)
GO

INSERT INTO [dbo].[T_APP_CONFIG]([ID], [CONFIG_NAME], [CONFIG_KEY], [ROLE_ID], [SERVER_ID], [CONFIG_JSON], [CONFIG_VERSION_ID], [CREATE_BY], [CREATE_TIME], [UPDATE_BY], [UPDATE_TIME], [DELETED], [VERSION]) VALUES ('1329030853372395522', '43', '43', NULL, '1328952450422120449', NULL, NULL, '1', '2020-11-18 19:57:02', '1', '2020-11-18 19:57:02', 1, 0)
GO

INSERT INTO [dbo].[T_APP_CONFIG]([ID], [CONFIG_NAME], [CONFIG_KEY], [ROLE_ID], [SERVER_ID], [CONFIG_JSON], [CONFIG_VERSION_ID], [CREATE_BY], [CREATE_TIME], [UPDATE_BY], [UPDATE_TIME], [DELETED], [VERSION]) VALUES ('1329030981181227010', '32', '32', NULL, '1328952450422120449', NULL, NULL, '1', '2020-11-18 19:57:32', '1', '2020-11-18 19:57:32', 1, 0)
GO

INSERT INTO [dbo].[T_APP_CONFIG]([ID], [CONFIG_NAME], [CONFIG_KEY], [ROLE_ID], [SERVER_ID], [CONFIG_JSON], [CONFIG_VERSION_ID], [CREATE_BY], [CREATE_TIME], [UPDATE_BY], [UPDATE_TIME], [DELETED], [VERSION]) VALUES ('1329031084658900993', '32', '32', NULL, '1328952558769381377', '{"3232":""}', NULL, '1', '2020-11-18 19:57:57', '1', '2020-11-18 20:00:49', 1, 3)
GO

INSERT INTO [dbo].[T_APP_CONFIG]([ID], [CONFIG_NAME], [CONFIG_KEY], [ROLE_ID], [SERVER_ID], [CONFIG_JSON], [CONFIG_VERSION_ID], [CREATE_BY], [CREATE_TIME], [UPDATE_BY], [UPDATE_TIME], [DELETED], [VERSION]) VALUES ('1329032094374674434', '32', '32', NULL, '1328952450422120449', '{}', '1329373036340289538', '1', '2020-11-18 20:01:58', '1', '2020-11-23 14:40:18', 0, 15)
GO

INSERT INTO [dbo].[T_APP_CONFIG]([ID], [CONFIG_NAME], [CONFIG_KEY], [ROLE_ID], [SERVER_ID], [CONFIG_JSON], [CONFIG_VERSION_ID], [CREATE_BY], [CREATE_TIME], [UPDATE_BY], [UPDATE_TIME], [DELETED], [VERSION]) VALUES ('1329248730243276801', '32', '32', NULL, '1329248730092281857', NULL, NULL, '1', '2020-11-19 10:22:48', '1', '2020-11-19 10:22:48', 1, 0)
GO

INSERT INTO [dbo].[T_APP_CONFIG]([ID], [CONFIG_NAME], [CONFIG_KEY], [ROLE_ID], [SERVER_ID], [CONFIG_JSON], [CONFIG_VERSION_ID], [CREATE_BY], [CREATE_TIME], [UPDATE_BY], [UPDATE_TIME], [DELETED], [VERSION]) VALUES ('1329248842503823361', 'test', 'test', NULL, '1328952450422120449', '{"12":"32","3232":""}', '1329725536125837313', '1', '2020-11-19 10:23:14', '1', '2020-11-20 18:13:49', 1, 36)
GO

INSERT INTO [dbo].[T_APP_CONFIG]([ID], [CONFIG_NAME], [CONFIG_KEY], [ROLE_ID], [SERVER_ID], [CONFIG_JSON], [CONFIG_VERSION_ID], [CREATE_BY], [CREATE_TIME], [UPDATE_BY], [UPDATE_TIME], [DELETED], [VERSION]) VALUES ('1329248884572692482', '32', '323', NULL, '1328952558769381377', '{"3232":{}}', NULL, '1', '2020-11-19 10:23:24', '1', '2020-11-19 10:23:40', 0, 1)
GO

INSERT INTO [dbo].[T_APP_CONFIG]([ID], [CONFIG_NAME], [CONFIG_KEY], [ROLE_ID], [SERVER_ID], [CONFIG_JSON], [CONFIG_VERSION_ID], [CREATE_BY], [CREATE_TIME], [UPDATE_BY], [UPDATE_TIME], [DELETED], [VERSION]) VALUES ('1329271977085116417', '32', '32', NULL, '1329271976942510081', NULL, NULL, '1', '2020-11-19 11:55:10', '1', '2020-11-19 11:55:10', 1, 0)
GO

INSERT INTO [dbo].[T_APP_CONFIG]([ID], [CONFIG_NAME], [CONFIG_KEY], [ROLE_ID], [SERVER_ID], [CONFIG_JSON], [CONFIG_VERSION_ID], [CREATE_BY], [CREATE_TIME], [UPDATE_BY], [UPDATE_TIME], [DELETED], [VERSION]) VALUES ('1329315063576371201', '32', '32', NULL, '1329315063425376257', NULL, NULL, '1', '2020-11-19 14:46:23', '1', '2020-11-19 14:46:23', 1, 0)
GO

INSERT INTO [dbo].[T_APP_CONFIG]([ID], [CONFIG_NAME], [CONFIG_KEY], [ROLE_ID], [SERVER_ID], [CONFIG_JSON], [CONFIG_VERSION_ID], [CREATE_BY], [CREATE_TIME], [UPDATE_BY], [UPDATE_TIME], [DELETED], [VERSION]) VALUES ('1329358296410996737', '32', '32', NULL, '1329358296062869506', '{}', NULL, '1', '2020-11-19 17:38:10', '1', '2020-11-19 17:38:43', 1, 1)
GO

INSERT INTO [dbo].[T_APP_CONFIG]([ID], [CONFIG_NAME], [CONFIG_KEY], [ROLE_ID], [SERVER_ID], [CONFIG_JSON], [CONFIG_VERSION_ID], [CREATE_BY], [CREATE_TIME], [UPDATE_BY], [UPDATE_TIME], [DELETED], [VERSION]) VALUES ('1329358307551068162', 'test', 'test', NULL, '1329358296062869506', '{}', NULL, '1', '2020-11-19 17:38:13', '1', '2020-11-19 17:38:39', 1, 1)
GO

INSERT INTO [dbo].[T_APP_CONFIG]([ID], [CONFIG_NAME], [CONFIG_KEY], [ROLE_ID], [SERVER_ID], [CONFIG_JSON], [CONFIG_VERSION_ID], [CREATE_BY], [CREATE_TIME], [UPDATE_BY], [UPDATE_TIME], [DELETED], [VERSION]) VALUES ('1329358542960574466', '43', '43321', NULL, '1329327875526742018', '{"3232":"3232323"}', NULL, '1', '2020-11-19 17:39:09', '1', '2020-11-20 09:09:44', 1, 3)
GO

INSERT INTO [dbo].[T_APP_CONFIG]([ID], [CONFIG_NAME], [CONFIG_KEY], [ROLE_ID], [SERVER_ID], [CONFIG_JSON], [CONFIG_VERSION_ID], [CREATE_BY], [CREATE_TIME], [UPDATE_BY], [UPDATE_TIME], [DELETED], [VERSION]) VALUES ('1329362225895030785', '32', '32', NULL, '1329362225752424449', '{null:"","66665":"{3：3232}"}', '1329362772555448321', '1', '2020-11-19 17:53:47', '1', '2020-11-19 17:55:58', 0, 2)
GO

INSERT INTO [dbo].[T_APP_CONFIG]([ID], [CONFIG_NAME], [CONFIG_KEY], [ROLE_ID], [SERVER_ID], [CONFIG_JSON], [CONFIG_VERSION_ID], [CREATE_BY], [CREATE_TIME], [UPDATE_BY], [UPDATE_TIME], [DELETED], [VERSION]) VALUES ('1329362226582896642', 'test', 'test', NULL, '1329362225752424449', '{}', NULL, '1', '2020-11-19 17:53:47', '1', '2020-11-19 18:24:04', 0, 1)
GO

INSERT INTO [dbo].[T_APP_CONFIG]([ID], [CONFIG_NAME], [CONFIG_KEY], [ROLE_ID], [SERVER_ID], [CONFIG_JSON], [CONFIG_VERSION_ID], [CREATE_BY], [CREATE_TIME], [UPDATE_BY], [UPDATE_TIME], [DELETED], [VERSION]) VALUES ('1329685329041043458', '32', '32', NULL, '1329685328894242817', '{}', NULL, '1', '2020-11-20 15:17:41', '1', '2020-11-23 14:41:41', 0, 1)
GO

INSERT INTO [dbo].[T_APP_CONFIG]([ID], [CONFIG_NAME], [CONFIG_KEY], [ROLE_ID], [SERVER_ID], [CONFIG_JSON], [CONFIG_VERSION_ID], [CREATE_BY], [CREATE_TIME], [UPDATE_BY], [UPDATE_TIME], [DELETED], [VERSION]) VALUES ('1329692683807633409', '3212', '3221', NULL, '1329685328894242817', '{"321":{"212":2121},"3232":"3232"}', NULL, '1', '2020-11-20 15:46:55', '1', '2020-11-23 11:07:00', 0, 1)
GO

INSERT INTO [dbo].[T_APP_CONFIG]([ID], [CONFIG_NAME], [CONFIG_KEY], [ROLE_ID], [SERVER_ID], [CONFIG_JSON], [CONFIG_VERSION_ID], [CREATE_BY], [CREATE_TIME], [UPDATE_BY], [UPDATE_TIME], [DELETED], [VERSION]) VALUES ('1330763228968083458', '44444444', '44', NULL, '1329685328894242817', NULL, NULL, '1', '2020-11-23 14:40:52', '1', '2020-11-23 14:40:52', 0, 0)
GO

INSERT INTO [dbo].[T_APP_CONFIG_DATA]([ID], [CONFIG_DATA_KEY], [CONFIG_DATA_TYPE], [CONFIG_DATA_VALUE], [CONFIG_DATA_STORE_STATE], [CONFIG_VERSION_ID], [CREATE_BY], [CREATE_TIME], [UPDATE_BY], [UPDATE_TIME], [DELETED], [VERSION]) VALUES ('1328250006545309697', 'string', 'CUSTOM', 'string', 'SAVE_TEMP', '1326825533506048002', '1', '2020-11-16 16:14:13', '1', '2020-11-16 16:14:13', 1, 0)
GO

INSERT INTO [dbo].[T_APP_CONFIG_DATA]([ID], [CONFIG_DATA_KEY], [CONFIG_DATA_TYPE], [CONFIG_DATA_VALUE], [CONFIG_DATA_STORE_STATE], [CONFIG_VERSION_ID], [CREATE_BY], [CREATE_TIME], [UPDATE_BY], [UPDATE_TIME], [DELETED], [VERSION]) VALUES ('1328547782739083266', 'string', 'string', 'string', 'string', 'string', '1', '2020-11-17 11:57:29', '1', '2020-11-17 11:57:29', 0, 0)
GO

INSERT INTO [dbo].[T_APP_CONFIG_DATA]([ID], [CONFIG_DATA_KEY], [CONFIG_DATA_TYPE], [CONFIG_DATA_VALUE], [CONFIG_DATA_STORE_STATE], [CONFIG_VERSION_ID], [CREATE_BY], [CREATE_TIME], [UPDATE_BY], [UPDATE_TIME], [DELETED], [VERSION]) VALUES ('1328548121043144705', 'string', 'string', 'string', 'string', 'string', '1', '2020-11-17 11:58:49', '1', '2020-11-17 11:58:49', 0, 0)
GO

INSERT INTO [dbo].[T_APP_CONFIG_DATA]([ID], [CONFIG_DATA_KEY], [CONFIG_DATA_TYPE], [CONFIG_DATA_VALUE], [CONFIG_DATA_STORE_STATE], [CONFIG_VERSION_ID], [CREATE_BY], [CREATE_TIME], [UPDATE_BY], [UPDATE_TIME], [DELETED], [VERSION]) VALUES ('1328675606875570177', NULL, NULL, NULL, NULL, NULL, '1', '2020-11-17 20:25:24', '1', '2020-11-17 20:25:24', 0, 0)
GO

INSERT INTO [dbo].[T_APP_CONFIG_DATA]([ID], [CONFIG_DATA_KEY], [CONFIG_DATA_TYPE], [CONFIG_DATA_VALUE], [CONFIG_DATA_STORE_STATE], [CONFIG_VERSION_ID], [CREATE_BY], [CREATE_TIME], [UPDATE_BY], [UPDATE_TIME], [DELETED], [VERSION]) VALUES ('1328676969986621442', NULL, NULL, NULL, NULL, NULL, '1', '2020-11-17 20:30:49', '1', '2020-11-17 20:30:49', 0, 0)
GO

INSERT INTO [dbo].[T_APP_CONFIG_DATA]([ID], [CONFIG_DATA_KEY], [CONFIG_DATA_TYPE], [CONFIG_DATA_VALUE], [CONFIG_DATA_STORE_STATE], [CONFIG_VERSION_ID], [CREATE_BY], [CREATE_TIME], [UPDATE_BY], [UPDATE_TIME], [DELETED], [VERSION]) VALUES ('1328677226619305986', NULL, NULL, NULL, NULL, NULL, '1', '2020-11-17 20:31:51', '1', '2020-11-17 20:31:51', 0, 0)
GO

INSERT INTO [dbo].[T_APP_CONFIG_DATA]([ID], [CONFIG_DATA_KEY], [CONFIG_DATA_TYPE], [CONFIG_DATA_VALUE], [CONFIG_DATA_STORE_STATE], [CONFIG_VERSION_ID], [CREATE_BY], [CREATE_TIME], [UPDATE_BY], [UPDATE_TIME], [DELETED], [VERSION]) VALUES ('1328682361470803969', NULL, 'CUSTOM', '{key: 123}', 'SAVE', '1328677016652447745', '1', '2020-11-17 20:52:15', '1', '2020-11-17 23:22:09', 0, 1)
GO

INSERT INTO [dbo].[T_APP_CONFIG_DATA]([ID], [CONFIG_DATA_KEY], [CONFIG_DATA_TYPE], [CONFIG_DATA_VALUE], [CONFIG_DATA_STORE_STATE], [CONFIG_VERSION_ID], [CREATE_BY], [CREATE_TIME], [UPDATE_BY], [UPDATE_TIME], [DELETED], [VERSION]) VALUES ('1328688321555816450', NULL, 'CUSTOM', '2121', 'SAVE', '1326825533506048002', '1', '2020-11-17 21:15:56', '1', '2020-11-17 21:15:56', 1, 0)
GO

INSERT INTO [dbo].[T_APP_CONFIG_DATA]([ID], [CONFIG_DATA_KEY], [CONFIG_DATA_TYPE], [CONFIG_DATA_VALUE], [CONFIG_DATA_STORE_STATE], [CONFIG_VERSION_ID], [CREATE_BY], [CREATE_TIME], [UPDATE_BY], [UPDATE_TIME], [DELETED], [VERSION]) VALUES ('1328691237251428354', NULL, 'CUSTOM', '21', 'DEPLOY', '1326825533506048002', '1', '2020-11-17 21:27:31', '1', '2020-11-18 09:33:54', 0, 1)
GO

INSERT INTO [dbo].[T_APP_CONFIG_DATA]([ID], [CONFIG_DATA_KEY], [CONFIG_DATA_TYPE], [CONFIG_DATA_VALUE], [CONFIG_DATA_STORE_STATE], [CONFIG_VERSION_ID], [CREATE_BY], [CREATE_TIME], [UPDATE_BY], [UPDATE_TIME], [DELETED], [VERSION]) VALUES ('1328701085804351489', NULL, 'CUSTOM', '12323', 'DEPLOY', '1328691224504938497', '1', '2020-11-17 22:06:39', '1', '2020-11-17 22:40:02', 0, 1)
GO

INSERT INTO [dbo].[T_APP_CONFIG_DATA]([ID], [CONFIG_DATA_KEY], [CONFIG_DATA_TYPE], [CONFIG_DATA_VALUE], [CONFIG_DATA_STORE_STATE], [CONFIG_VERSION_ID], [CREATE_BY], [CREATE_TIME], [UPDATE_BY], [UPDATE_TIME], [DELETED], [VERSION]) VALUES ('1328719893524840450', NULL, 'CUSTOM', NULL, 'SAVE_TEMP', '1328691224504938497', '1', '2020-11-17 23:21:23', '1', '2020-11-18 09:15:24', 0, 1)
GO

INSERT INTO [dbo].[T_APP_CONFIG_DATA]([ID], [CONFIG_DATA_KEY], [CONFIG_DATA_TYPE], [CONFIG_DATA_VALUE], [CONFIG_DATA_STORE_STATE], [CONFIG_VERSION_ID], [CREATE_BY], [CREATE_TIME], [UPDATE_BY], [UPDATE_TIME], [DELETED], [VERSION]) VALUES ('1328719910042009602', NULL, 'CUSTOM', NULL, 'SAVE_TEMP', '1328691224504938497', '1', '2020-11-17 23:21:27', '1', '2020-11-18 09:15:23', 0, 1)
GO

INSERT INTO [dbo].[T_APP_CONFIG_DATA]([ID], [CONFIG_DATA_KEY], [CONFIG_DATA_TYPE], [CONFIG_DATA_VALUE], [CONFIG_DATA_STORE_STATE], [CONFIG_VERSION_ID], [CREATE_BY], [CREATE_TIME], [UPDATE_BY], [UPDATE_TIME], [DELETED], [VERSION]) VALUES ('1328719910188810241', NULL, 'CUSTOM', NULL, 'SAVE_TEMP', '1328691224504938497', '1', '2020-11-17 23:21:27', '1', '2020-11-18 09:15:23', 0, 1)
GO

INSERT INTO [dbo].[T_APP_CONFIG_DATA]([ID], [CONFIG_DATA_KEY], [CONFIG_DATA_TYPE], [CONFIG_DATA_VALUE], [CONFIG_DATA_STORE_STATE], [CONFIG_VERSION_ID], [CREATE_BY], [CREATE_TIME], [UPDATE_BY], [UPDATE_TIME], [DELETED], [VERSION]) VALUES ('1328719918267039746', NULL, 'CUSTOM', NULL, 'SAVE_TEMP', '1328691224504938497', '1', '2020-11-17 23:21:29', '1', '2020-11-18 09:15:23', 0, 1)
GO

INSERT INTO [dbo].[T_APP_CONFIG_DATA]([ID], [CONFIG_DATA_KEY], [CONFIG_DATA_TYPE], [CONFIG_DATA_VALUE], [CONFIG_DATA_STORE_STATE], [CONFIG_VERSION_ID], [CREATE_BY], [CREATE_TIME], [UPDATE_BY], [UPDATE_TIME], [DELETED], [VERSION]) VALUES ('1328873437561339906', NULL, 'CUSTOM', NULL, 'SAVE_TEMP', '1328701079936520193', '1', '2020-11-18 09:31:31', '1', '2020-11-18 09:31:39', 0, 1)
GO

INSERT INTO [dbo].[T_APP_CONFIG_DATA]([ID], [CONFIG_DATA_KEY], [CONFIG_DATA_TYPE], [CONFIG_DATA_VALUE], [CONFIG_DATA_STORE_STATE], [CONFIG_VERSION_ID], [CREATE_BY], [CREATE_TIME], [UPDATE_BY], [UPDATE_TIME], [DELETED], [VERSION]) VALUES ('1328890512405037057', '21', 'SAVE', '21', 'SAVE_TEMP', '1328904750502768642', '1', '2020-11-18 10:39:22', '1', '2020-11-18 11:37:03', 0, 5)
GO

INSERT INTO [dbo].[T_APP_CONFIG_DATA]([ID], [CONFIG_DATA_KEY], [CONFIG_DATA_TYPE], [CONFIG_DATA_VALUE], [CONFIG_DATA_STORE_STATE], [CONFIG_VERSION_ID], [CREATE_BY], [CREATE_TIME], [UPDATE_BY], [UPDATE_TIME], [DELETED], [VERSION]) VALUES ('1328903334371393538', NULL, 'CUSTOM', NULL, 'SAVE_TEMP', '1328897470147280897', '1', '2020-11-18 11:30:19', '1', '2020-11-18 11:30:19', 0, 0)
GO

INSERT INTO [dbo].[T_APP_CONFIG_DATA]([ID], [CONFIG_DATA_KEY], [CONFIG_DATA_TYPE], [CONFIG_DATA_VALUE], [CONFIG_DATA_STORE_STATE], [CONFIG_VERSION_ID], [CREATE_BY], [CREATE_TIME], [UPDATE_BY], [UPDATE_TIME], [DELETED], [VERSION]) VALUES ('1328903465942515714', '21', 'CUSTOM', NULL, 'SAVE_TEMP', '1328709903972007937', '1', '2020-11-18 11:30:50', '1', '2020-11-18 11:30:56', 0, 1)
GO

INSERT INTO [dbo].[T_APP_CONFIG_DATA]([ID], [CONFIG_DATA_KEY], [CONFIG_DATA_TYPE], [CONFIG_DATA_VALUE], [CONFIG_DATA_STORE_STATE], [CONFIG_VERSION_ID], [CREATE_BY], [CREATE_TIME], [UPDATE_BY], [UPDATE_TIME], [DELETED], [VERSION]) VALUES ('1328905669357211649', '212', 'CUSTOM', NULL, 'SAVE_TEMP', '1328688137501368321', '1', '2020-11-18 11:39:36', '1', '2020-11-18 11:39:36', 0, 0)
GO

INSERT INTO [dbo].[T_APP_CONFIG_DATA]([ID], [CONFIG_DATA_KEY], [CONFIG_DATA_TYPE], [CONFIG_DATA_VALUE], [CONFIG_DATA_STORE_STATE], [CONFIG_VERSION_ID], [CREATE_BY], [CREATE_TIME], [UPDATE_BY], [UPDATE_TIME], [DELETED], [VERSION]) VALUES ('1328905703008112642', '212', 'SAVE', NULL, 'SAVE_TEMP', '1328905702852923394', '1', '2020-11-18 11:39:44', '1', '2020-11-18 11:39:44', 0, 0)
GO

INSERT INTO [dbo].[T_APP_CONFIG_DATA]([ID], [CONFIG_DATA_KEY], [CONFIG_DATA_TYPE], [CONFIG_DATA_VALUE], [CONFIG_DATA_STORE_STATE], [CONFIG_VERSION_ID], [CREATE_BY], [CREATE_TIME], [UPDATE_BY], [UPDATE_TIME], [DELETED], [VERSION]) VALUES ('1328906150498410498', '212', 'CUSTOM', NULL, 'SAVE', '1328906150217392129', '1', '2020-11-18 11:41:30', '1', '2020-11-18 11:43:56', 0, 3)
GO

INSERT INTO [dbo].[T_APP_CONFIG_DATA]([ID], [CONFIG_DATA_KEY], [CONFIG_DATA_TYPE], [CONFIG_DATA_VALUE], [CONFIG_DATA_STORE_STATE], [CONFIG_VERSION_ID], [CREATE_BY], [CREATE_TIME], [UPDATE_BY], [UPDATE_TIME], [DELETED], [VERSION]) VALUES ('1328906150628433921', '21', 'CUSTOM', '21', 'SAVE', '1328906150217392129', '1', '2020-11-18 11:41:30', '1', '2020-11-18 11:43:56', 0, 3)
GO

INSERT INTO [dbo].[T_APP_CONFIG_DATA]([ID], [CONFIG_DATA_KEY], [CONFIG_DATA_TYPE], [CONFIG_DATA_VALUE], [CONFIG_DATA_STORE_STATE], [CONFIG_VERSION_ID], [CREATE_BY], [CREATE_TIME], [UPDATE_BY], [UPDATE_TIME], [DELETED], [VERSION]) VALUES ('1328999378224648194', '4343', 'CUSTOM', '{212:2121}', 'SAVE_TEMP', '1328999308360126466', '1', '2020-11-18 17:51:58', '1', '2020-11-18 17:54:57', 1, 3)
GO

INSERT INTO [dbo].[T_APP_CONFIG_DATA]([ID], [CONFIG_DATA_KEY], [CONFIG_DATA_TYPE], [CONFIG_DATA_VALUE], [CONFIG_DATA_STORE_STATE], [CONFIG_VERSION_ID], [CREATE_BY], [CREATE_TIME], [UPDATE_BY], [UPDATE_TIME], [DELETED], [VERSION]) VALUES ('1329031784394637313', '3232', 'CUSTOM', NULL, 'SAVE_TEMP', '1329031084797313025', '1', '2020-11-18 20:00:44', '1', '2020-11-18 20:00:49', 1, 1)
GO

INSERT INTO [dbo].[T_APP_CONFIG_DATA]([ID], [CONFIG_DATA_KEY], [CONFIG_DATA_TYPE], [CONFIG_DATA_VALUE], [CONFIG_DATA_STORE_STATE], [CONFIG_VERSION_ID], [CREATE_BY], [CREATE_TIME], [UPDATE_BY], [UPDATE_TIME], [DELETED], [VERSION]) VALUES ('1329033598913462274', NULL, 'CUSTOM', NULL, 'SAVE', '1329033598766661633', '1', '2020-11-18 20:07:56', '1', '2020-11-19 18:36:56', 0, 5)
GO

INSERT INTO [dbo].[T_APP_CONFIG_DATA]([ID], [CONFIG_DATA_KEY], [CONFIG_DATA_TYPE], [CONFIG_DATA_VALUE], [CONFIG_DATA_STORE_STATE], [CONFIG_VERSION_ID], [CREATE_BY], [CREATE_TIME], [UPDATE_BY], [UPDATE_TIME], [DELETED], [VERSION]) VALUES ('1329248939555823617', '3232', 'CUSTOM', '{}
', 'SAVE_TEMP', '1329248884715298817', '1', '2020-11-19 10:23:38', '1', '2020-11-23 14:06:23', 0, 1)
GO

INSERT INTO [dbo].[T_APP_CONFIG_DATA]([ID], [CONFIG_DATA_KEY], [CONFIG_DATA_TYPE], [CONFIG_DATA_VALUE], [CONFIG_DATA_STORE_STATE], [CONFIG_VERSION_ID], [CREATE_BY], [CREATE_TIME], [UPDATE_BY], [UPDATE_TIME], [DELETED], [VERSION]) VALUES ('1329262483491921922', '32', 'CUSTOM', '3232', 'SAVE_TEMP', '1329248842633846785', '1', '2020-11-19 11:17:27', '1', '2020-11-20 17:43:46', 1, 8)
GO

INSERT INTO [dbo].[T_APP_CONFIG_DATA]([ID], [CONFIG_DATA_KEY], [CONFIG_DATA_TYPE], [CONFIG_DATA_VALUE], [CONFIG_DATA_STORE_STATE], [CONFIG_VERSION_ID], [CREATE_BY], [CREATE_TIME], [UPDATE_BY], [UPDATE_TIME], [DELETED], [VERSION]) VALUES ('1329262580023828481', '32323', 'CUSTOM', '3232', 'SAVE_TEMP', '1329248842633846785', '1', '2020-11-19 11:17:50', '1', '2020-11-20 17:43:46', 1, 5)
GO

INSERT INTO [dbo].[T_APP_CONFIG_DATA]([ID], [CONFIG_DATA_KEY], [CONFIG_DATA_TYPE], [CONFIG_DATA_VALUE], [CONFIG_DATA_STORE_STATE], [CONFIG_VERSION_ID], [CREATE_BY], [CREATE_TIME], [UPDATE_BY], [UPDATE_TIME], [DELETED], [VERSION]) VALUES ('1329262600332648449', '32', 'CUSTOM', NULL, 'SAVE', '1329262600173264897', '1', '2020-11-19 11:17:55', '1', '2020-11-19 17:19:47', 1, 4)
GO

INSERT INTO [dbo].[T_APP_CONFIG_DATA]([ID], [CONFIG_DATA_KEY], [CONFIG_DATA_TYPE], [CONFIG_DATA_VALUE], [CONFIG_DATA_STORE_STATE], [CONFIG_VERSION_ID], [CREATE_BY], [CREATE_TIME], [UPDATE_BY], [UPDATE_TIME], [DELETED], [VERSION]) VALUES ('1329262600462671873', '32', 'CUSTOM', '3232', 'SAVE', '1329262600173264897', '1', '2020-11-19 11:17:55', '1', '2020-11-19 17:19:47', 1, 4)
GO

INSERT INTO [dbo].[T_APP_CONFIG_DATA]([ID], [CONFIG_DATA_KEY], [CONFIG_DATA_TYPE], [CONFIG_DATA_VALUE], [CONFIG_DATA_STORE_STATE], [CONFIG_VERSION_ID], [CREATE_BY], [CREATE_TIME], [UPDATE_BY], [UPDATE_TIME], [DELETED], [VERSION]) VALUES ('1329358626884403201', '3232', 'CUSTOM', '3232323', 'SAVE_TEMP', '1329358543090597889', '1', '2020-11-19 17:39:29', '1', '2020-11-20 09:09:44', 1, 2)
GO

INSERT INTO [dbo].[T_APP_CONFIG_DATA]([ID], [CONFIG_DATA_KEY], [CONFIG_DATA_TYPE], [CONFIG_DATA_VALUE], [CONFIG_DATA_STORE_STATE], [CONFIG_VERSION_ID], [CREATE_BY], [CREATE_TIME], [UPDATE_BY], [UPDATE_TIME], [DELETED], [VERSION]) VALUES ('1329362511057371138', '66665', 'CUSTOM', '{3：3232}', 'SAVE_TEMP', '1329362226180243458', '1', '2020-11-19 17:54:55', '1', '2020-11-19 17:54:58', 0, 1)
GO

INSERT INTO [dbo].[T_APP_CONFIG_DATA]([ID], [CONFIG_DATA_KEY], [CONFIG_DATA_TYPE], [CONFIG_DATA_VALUE], [CONFIG_DATA_STORE_STATE], [CONFIG_VERSION_ID], [CREATE_BY], [CREATE_TIME], [UPDATE_BY], [UPDATE_TIME], [DELETED], [VERSION]) VALUES ('1329362511199977474', NULL, 'CUSTOM', NULL, 'SAVE_TEMP', '1329362226180243458', '1', '2020-11-19 17:54:55', '1', '2020-11-19 17:54:58', 0, 1)
GO

INSERT INTO [dbo].[T_APP_CONFIG_DATA]([ID], [CONFIG_DATA_KEY], [CONFIG_DATA_TYPE], [CONFIG_DATA_VALUE], [CONFIG_DATA_STORE_STATE], [CONFIG_VERSION_ID], [CREATE_BY], [CREATE_TIME], [UPDATE_BY], [UPDATE_TIME], [DELETED], [VERSION]) VALUES ('1329362699998183425', '66665', 'CUSTOM', '{3：3232}', 'SAVE', '1329362699851382786', '1', '2020-11-19 17:55:40', '1', '2020-11-19 17:55:40', 0, 0)
GO

INSERT INTO [dbo].[T_APP_CONFIG_DATA]([ID], [CONFIG_DATA_KEY], [CONFIG_DATA_TYPE], [CONFIG_DATA_VALUE], [CONFIG_DATA_STORE_STATE], [CONFIG_VERSION_ID], [CREATE_BY], [CREATE_TIME], [UPDATE_BY], [UPDATE_TIME], [DELETED], [VERSION]) VALUES ('1329362700140789762', NULL, 'CUSTOM', NULL, 'SAVE', '1329362699851382786', '1', '2020-11-19 17:55:40', '1', '2020-11-19 17:55:40', 0, 0)
GO

INSERT INTO [dbo].[T_APP_CONFIG_DATA]([ID], [CONFIG_DATA_KEY], [CONFIG_DATA_TYPE], [CONFIG_DATA_VALUE], [CONFIG_DATA_STORE_STATE], [CONFIG_VERSION_ID], [CREATE_BY], [CREATE_TIME], [UPDATE_BY], [UPDATE_TIME], [DELETED], [VERSION]) VALUES ('1329362773113290753', '66665', 'CUSTOM', '{3：3232}', 'DEPLOY', '1329362772555448321', '1', '2020-11-19 17:55:58', '1', '2020-11-19 18:28:12', 0, 1)
GO

INSERT INTO [dbo].[T_APP_CONFIG_DATA]([ID], [CONFIG_DATA_KEY], [CONFIG_DATA_TYPE], [CONFIG_DATA_VALUE], [CONFIG_DATA_STORE_STATE], [CONFIG_VERSION_ID], [CREATE_BY], [CREATE_TIME], [UPDATE_BY], [UPDATE_TIME], [DELETED], [VERSION]) VALUES ('1329362773243314177', NULL, 'CUSTOM', NULL, 'DEPLOY', '1329362772555448321', '1', '2020-11-19 17:55:58', '1', '2020-11-19 18:28:12', 0, 1)
GO

INSERT INTO [dbo].[T_APP_CONFIG_DATA]([ID], [CONFIG_DATA_KEY], [CONFIG_DATA_TYPE], [CONFIG_DATA_VALUE], [CONFIG_DATA_STORE_STATE], [CONFIG_VERSION_ID], [CREATE_BY], [CREATE_TIME], [UPDATE_BY], [UPDATE_TIME], [DELETED], [VERSION]) VALUES ('1329373038944952322', NULL, 'CUSTOM', NULL, 'DEPLOY', '1329373036340289538', '1', '2020-11-19 18:36:45', '1', '2020-11-19 18:36:45', 1, 0)
GO

INSERT INTO [dbo].[T_APP_CONFIG_DATA]([ID], [CONFIG_DATA_KEY], [CONFIG_DATA_TYPE], [CONFIG_DATA_VALUE], [CONFIG_DATA_STORE_STATE], [CONFIG_VERSION_ID], [CREATE_BY], [CREATE_TIME], [UPDATE_BY], [UPDATE_TIME], [DELETED], [VERSION]) VALUES ('1329718503649554433', NULL, 'CUSTOM', NULL, 'SAVE_TEMP', '1329262600173264897', '1', '2020-11-20 17:29:30', '1', '2020-11-20 17:33:18', 1, 3)
GO

INSERT INTO [dbo].[T_APP_CONFIG_DATA]([ID], [CONFIG_DATA_KEY], [CONFIG_DATA_TYPE], [CONFIG_DATA_VALUE], [CONFIG_DATA_STORE_STATE], [CONFIG_VERSION_ID], [CREATE_BY], [CREATE_TIME], [UPDATE_BY], [UPDATE_TIME], [DELETED], [VERSION]) VALUES ('1329720782628827137', NULL, 'CUSTOM', NULL, 'SAVE_TEMP', '1329262600173264897', '1', '2020-11-20 17:38:34', '1', '2020-11-20 17:38:34', 1, 0)
GO

INSERT INTO [dbo].[T_APP_CONFIG_DATA]([ID], [CONFIG_DATA_KEY], [CONFIG_DATA_TYPE], [CONFIG_DATA_VALUE], [CONFIG_DATA_STORE_STATE], [CONFIG_VERSION_ID], [CREATE_BY], [CREATE_TIME], [UPDATE_BY], [UPDATE_TIME], [DELETED], [VERSION]) VALUES ('1329721206291255297', '12', 'CUSTOM', '32', 'SAVE_TEMP', '1329262600173264897', '1', '2020-11-20 17:40:15', '1', '2020-11-20 17:47:57', 1, 7)
GO

INSERT INTO [dbo].[T_APP_CONFIG_DATA]([ID], [CONFIG_DATA_KEY], [CONFIG_DATA_TYPE], [CONFIG_DATA_VALUE], [CONFIG_DATA_STORE_STATE], [CONFIG_VERSION_ID], [CREATE_BY], [CREATE_TIME], [UPDATE_BY], [UPDATE_TIME], [DELETED], [VERSION]) VALUES ('1329722202778193921', '3232', 'CUSTOM', NULL, 'SAVE_TEMP', '1329262600173264897', '1', '2020-11-20 17:44:12', '1', '2020-11-20 17:47:57', 1, 4)
GO

INSERT INTO [dbo].[T_APP_CONFIG_DATA]([ID], [CONFIG_DATA_KEY], [CONFIG_DATA_TYPE], [CONFIG_DATA_VALUE], [CONFIG_DATA_STORE_STATE], [CONFIG_VERSION_ID], [CREATE_BY], [CREATE_TIME], [UPDATE_BY], [UPDATE_TIME], [DELETED], [VERSION]) VALUES ('1329722773895536641', '3232', 'CUSTOM', NULL, 'DEPLOY', '1329722769596375042', '1', '2020-11-20 17:46:29', '1', '2020-11-20 17:58:13', 1, 3)
GO

INSERT INTO [dbo].[T_APP_CONFIG_DATA]([ID], [CONFIG_DATA_KEY], [CONFIG_DATA_TYPE], [CONFIG_DATA_VALUE], [CONFIG_DATA_STORE_STATE], [CONFIG_VERSION_ID], [CREATE_BY], [CREATE_TIME], [UPDATE_BY], [UPDATE_TIME], [DELETED], [VERSION]) VALUES ('1329722774054920193', '12', 'CUSTOM', '32', 'DEPLOY', '1329722769596375042', '1', '2020-11-20 17:46:29', '1', '2020-11-20 17:58:13', 1, 3)
GO

INSERT INTO [dbo].[T_APP_CONFIG_DATA]([ID], [CONFIG_DATA_KEY], [CONFIG_DATA_TYPE], [CONFIG_DATA_VALUE], [CONFIG_DATA_STORE_STATE], [CONFIG_VERSION_ID], [CREATE_BY], [CREATE_TIME], [UPDATE_BY], [UPDATE_TIME], [DELETED], [VERSION]) VALUES ('1329725537262493697', '3232', 'CUSTOM', NULL, 'DEPLOY', '1329725536125837313', '1', '2020-11-20 17:57:27', '1', '2020-11-20 17:57:27', 1, 0)
GO

INSERT INTO [dbo].[T_APP_CONFIG_DATA]([ID], [CONFIG_DATA_KEY], [CONFIG_DATA_TYPE], [CONFIG_DATA_VALUE], [CONFIG_DATA_STORE_STATE], [CONFIG_VERSION_ID], [CREATE_BY], [CREATE_TIME], [UPDATE_BY], [UPDATE_TIME], [DELETED], [VERSION]) VALUES ('1329725537417682946', '12', 'CUSTOM', '32', 'DEPLOY', '1329725536125837313', '1', '2020-11-20 17:57:27', '1', '2020-11-20 17:57:27', 1, 0)
GO

INSERT INTO [dbo].[T_APP_CONFIG_DATA]([ID], [CONFIG_DATA_KEY], [CONFIG_DATA_TYPE], [CONFIG_DATA_VALUE], [CONFIG_DATA_STORE_STATE], [CONFIG_VERSION_ID], [CREATE_BY], [CREATE_TIME], [UPDATE_BY], [UPDATE_TIME], [DELETED], [VERSION]) VALUES ('1329725744784072706', '3232', 'CUSTOM', NULL, 'SAVE', '1329725744364642306', '1', '2020-11-20 17:58:17', '1', '2020-11-20 17:58:17', 1, 0)
GO

INSERT INTO [dbo].[T_APP_CONFIG_DATA]([ID], [CONFIG_DATA_KEY], [CONFIG_DATA_TYPE], [CONFIG_DATA_VALUE], [CONFIG_DATA_STORE_STATE], [CONFIG_VERSION_ID], [CREATE_BY], [CREATE_TIME], [UPDATE_BY], [UPDATE_TIME], [DELETED], [VERSION]) VALUES ('1329725744918290433', '12', 'CUSTOM', '32', 'SAVE', '1329725744364642306', '1', '2020-11-20 17:58:17', '1', '2020-11-20 17:58:17', 1, 0)
GO

INSERT INTO [dbo].[T_APP_CONFIG_DATA]([ID], [CONFIG_DATA_KEY], [CONFIG_DATA_TYPE], [CONFIG_DATA_VALUE], [CONFIG_DATA_STORE_STATE], [CONFIG_VERSION_ID], [CREATE_BY], [CREATE_TIME], [UPDATE_BY], [UPDATE_TIME], [DELETED], [VERSION]) VALUES ('1330709351958732802', '3232', 'CUSTOM', '3232', 'SAVE_TEMP', '1329692684575191042', '1', '2020-11-23 11:06:47', '1', '2020-11-23 11:06:58', 0, 2)
GO

INSERT INTO [dbo].[T_APP_CONFIG_DATA]([ID], [CONFIG_DATA_KEY], [CONFIG_DATA_TYPE], [CONFIG_DATA_VALUE], [CONFIG_DATA_STORE_STATE], [CONFIG_VERSION_ID], [CREATE_BY], [CREATE_TIME], [UPDATE_BY], [UPDATE_TIME], [DELETED], [VERSION]) VALUES ('1330709352109727746', '321', 'CUSTOM', '{212:2121}', 'SAVE_TEMP', '1329692684575191042', '1', '2020-11-23 11:06:47', '1', '2020-11-23 11:06:58', 0, 2)
GO

INSERT INTO [dbo].[T_APP_CONFIG_DATA]([ID], [CONFIG_DATA_KEY], [CONFIG_DATA_TYPE], [CONFIG_DATA_VALUE], [CONFIG_DATA_STORE_STATE], [CONFIG_VERSION_ID], [CREATE_BY], [CREATE_TIME], [UPDATE_BY], [UPDATE_TIME], [DELETED], [VERSION]) VALUES ('1330722753288593409', '32323', 'CUSTOM', '{32，32}', 'SAVE_TEMP', '1329032094563418113', '1', '2020-11-23 12:00:02', '1', '2020-11-23 12:00:02', 1, 0)
GO

INSERT INTO [dbo].[T_APP_CONFIG_DATA]([ID], [CONFIG_DATA_KEY], [CONFIG_DATA_TYPE], [CONFIG_DATA_VALUE], [CONFIG_DATA_STORE_STATE], [CONFIG_VERSION_ID], [CREATE_BY], [CREATE_TIME], [UPDATE_BY], [UPDATE_TIME], [DELETED], [VERSION]) VALUES ('1330763341555785729', '32', 'CUSTOM', NULL, 'SAVE', '1330763341228630018', '1', '2020-11-23 14:41:19', '1', '2020-11-23 14:41:40', 0, 1)
GO

INSERT INTO [dbo].[T_APP_CONFIG_DATA]([ID], [CONFIG_DATA_KEY], [CONFIG_DATA_TYPE], [CONFIG_DATA_VALUE], [CONFIG_DATA_STORE_STATE], [CONFIG_VERSION_ID], [CREATE_BY], [CREATE_TIME], [UPDATE_BY], [UPDATE_TIME], [DELETED], [VERSION]) VALUES ('1330763413832032258', '32', 'CUSTOM', NULL, 'SAVE', '1330763413513265154', '1', '2020-11-23 14:41:36', '1', '2020-11-23 14:41:36', 0, 0)
GO

INSERT INTO [dbo].[T_APP_CONFIG_VERSION]([ID], [CONFIG_VERSION], [CONFIG_VERSION_STATUS], [CREATE_BY], [CREATE_TIME], [UPDATE_BY], [UPDATE_TIME], [DELETED], [VERSION], [CONFIG_ID]) VALUES ('1326825533506048002', '1.0', 'CLOSED', '1', '2020-11-12 17:53:53', '1', '2020-11-17 21:27:28', 0, 1, '1327163837137022978')
GO

INSERT INTO [dbo].[T_APP_CONFIG_VERSION]([ID], [CONFIG_VERSION], [CONFIG_VERSION_STATUS], [CREATE_BY], [CREATE_TIME], [UPDATE_BY], [UPDATE_TIME], [DELETED], [VERSION], [CONFIG_ID]) VALUES ('1328586615132229633', '1.1', 'CLOSED', '1', '2020-11-17 14:31:47', '1', '2020-11-17 21:27:28', 0, 1, '1327163837137022978')
GO

INSERT INTO [dbo].[T_APP_CONFIG_VERSION]([ID], [CONFIG_VERSION], [CONFIG_VERSION_STATUS], [CREATE_BY], [CREATE_TIME], [UPDATE_BY], [UPDATE_TIME], [DELETED], [VERSION], [CONFIG_ID]) VALUES ('1328675606691020801', '1.6', 'CLOSED', '1', '2020-11-17 20:25:24', '1', '2020-11-18 10:23:13', 0, 2, '1327163837137022978')
GO

INSERT INTO [dbo].[T_APP_CONFIG_VERSION]([ID], [CONFIG_VERSION], [CONFIG_VERSION_STATUS], [CREATE_BY], [CREATE_TIME], [UPDATE_BY], [UPDATE_TIME], [DELETED], [VERSION], [CONFIG_ID]) VALUES ('1328676705154072577', '1.7', 'CLOSED', '1', '2020-11-17 20:29:46', '1', '2020-11-18 10:24:15', 0, 2, '1327163837137022978')
GO

INSERT INTO [dbo].[T_APP_CONFIG_VERSION]([ID], [CONFIG_VERSION], [CONFIG_VERSION_STATUS], [CREATE_BY], [CREATE_TIME], [UPDATE_BY], [UPDATE_TIME], [DELETED], [VERSION], [CONFIG_ID]) VALUES ('1328677016652447745', '1.8', 'CLOSED', '1', '2020-11-17 20:31:01', '1', '2020-11-18 10:24:23', 0, 2, '1327163837137022978')
GO

INSERT INTO [dbo].[T_APP_CONFIG_VERSION]([ID], [CONFIG_VERSION], [CONFIG_VERSION_STATUS], [CREATE_BY], [CREATE_TIME], [UPDATE_BY], [UPDATE_TIME], [DELETED], [VERSION], [CONFIG_ID]) VALUES ('1328682307548831746', '2.0', 'CLOSED', '1', '2020-11-17 20:52:02', '1', '2020-11-18 10:24:32', 0, 2, '1327163837137022978')
GO

INSERT INTO [dbo].[T_APP_CONFIG_VERSION]([ID], [CONFIG_VERSION], [CONFIG_VERSION_STATUS], [CREATE_BY], [CREATE_TIME], [UPDATE_BY], [UPDATE_TIME], [DELETED], [VERSION], [CONFIG_ID]) VALUES ('1328688137501368321', '2.2', 'CLOSED', '1', '2020-11-17 21:15:12', '1', '2020-11-18 11:43:42', 0, 2, '1327163837137022978')
GO

INSERT INTO [dbo].[T_APP_CONFIG_VERSION]([ID], [CONFIG_VERSION], [CONFIG_VERSION_STATUS], [CREATE_BY], [CREATE_TIME], [UPDATE_BY], [UPDATE_TIME], [DELETED], [VERSION], [CONFIG_ID]) VALUES ('1328691224504938497', '1.2', 'CLOSED', '1', '2020-11-17 21:27:28', '1', '2020-11-18 10:06:59', 0, 6, '1327163837137022978')
GO

INSERT INTO [dbo].[T_APP_CONFIG_VERSION]([ID], [CONFIG_VERSION], [CONFIG_VERSION_STATUS], [CREATE_BY], [CREATE_TIME], [UPDATE_BY], [UPDATE_TIME], [DELETED], [VERSION], [CONFIG_ID]) VALUES ('1328701079936520193', '1.3', 'CLOSED', '1', '2020-11-17 22:06:38', '1', '2020-11-17 22:06:38', 0, 1, '1327163837137022978')
GO

INSERT INTO [dbo].[T_APP_CONFIG_VERSION]([ID], [CONFIG_VERSION], [CONFIG_VERSION_STATUS], [CREATE_BY], [CREATE_TIME], [UPDATE_BY], [UPDATE_TIME], [DELETED], [VERSION], [CONFIG_ID]) VALUES ('1328709487993507841', '1.4', 'CLOSED', '1', '2020-11-17 22:40:02', '1', '2020-11-18 10:13:49', 0, 3, '1327163837137022978')
GO

INSERT INTO [dbo].[T_APP_CONFIG_VERSION]([ID], [CONFIG_VERSION], [CONFIG_VERSION_STATUS], [CREATE_BY], [CREATE_TIME], [UPDATE_BY], [UPDATE_TIME], [DELETED], [VERSION], [CONFIG_ID]) VALUES ('1328709612925059074', '1.5', 'CLOSED', '1', '2020-11-17 22:40:32', '1', '2020-11-18 10:17:23', 0, 5, '1327163837137022978')
GO

INSERT INTO [dbo].[T_APP_CONFIG_VERSION]([ID], [CONFIG_VERSION], [CONFIG_VERSION_STATUS], [CREATE_BY], [CREATE_TIME], [UPDATE_BY], [UPDATE_TIME], [DELETED], [VERSION], [CONFIG_ID]) VALUES ('1328709903972007937', NULL, 'CLOSED', '1', '2020-11-17 22:41:42', '1', '2020-11-20 17:46:18', 0, 1, '1327163837137022978')
GO

INSERT INTO [dbo].[T_APP_CONFIG_VERSION]([ID], [CONFIG_VERSION], [CONFIG_VERSION_STATUS], [CREATE_BY], [CREATE_TIME], [UPDATE_BY], [UPDATE_TIME], [DELETED], [VERSION], [CONFIG_ID]) VALUES ('1328710006195585025', '1.9', 'CLOSED', '1', '2020-11-17 22:42:06', '1', '2020-11-18 10:24:28', 0, 2, '1327163837137022978')
GO

INSERT INTO [dbo].[T_APP_CONFIG_VERSION]([ID], [CONFIG_VERSION], [CONFIG_VERSION_STATUS], [CREATE_BY], [CREATE_TIME], [UPDATE_BY], [UPDATE_TIME], [DELETED], [VERSION], [CONFIG_ID]) VALUES ('1328873691165736962', '2.1', 'CLOSED', '1', '2020-11-18 09:32:31', '1', '2020-11-18 10:38:57', 0, 2, '1327163837137022978')
GO

INSERT INTO [dbo].[T_APP_CONFIG_VERSION]([ID], [CONFIG_VERSION], [CONFIG_VERSION_STATUS], [CREATE_BY], [CREATE_TIME], [UPDATE_BY], [UPDATE_TIME], [DELETED], [VERSION], [CONFIG_ID]) VALUES ('1328897099916066818', NULL, 'CLOSED', '1', '2020-11-18 11:05:32', '1', '2020-11-20 17:46:18', 0, 1, '1327163837137022978')
GO

INSERT INTO [dbo].[T_APP_CONFIG_VERSION]([ID], [CONFIG_VERSION], [CONFIG_VERSION_STATUS], [CREATE_BY], [CREATE_TIME], [UPDATE_BY], [UPDATE_TIME], [DELETED], [VERSION], [CONFIG_ID]) VALUES ('1328897470147280897', NULL, 'CLOSED', '1', '2020-11-18 11:07:01', '1', '2020-11-20 17:46:18', 0, 1, '1327163837137022978')
GO

INSERT INTO [dbo].[T_APP_CONFIG_VERSION]([ID], [CONFIG_VERSION], [CONFIG_VERSION_STATUS], [CREATE_BY], [CREATE_TIME], [UPDATE_BY], [UPDATE_TIME], [DELETED], [VERSION], [CONFIG_ID]) VALUES ('1328898465774419969', NULL, 'CLOSED', '1', '2020-11-18 11:10:58', '1', '2020-11-20 17:46:18', 0, 1, '1327163837137022978')
GO

INSERT INTO [dbo].[T_APP_CONFIG_VERSION]([ID], [CONFIG_VERSION], [CONFIG_VERSION_STATUS], [CREATE_BY], [CREATE_TIME], [UPDATE_BY], [UPDATE_TIME], [DELETED], [VERSION], [CONFIG_ID]) VALUES ('1328898747564539905', NULL, 'CLOSED', '1', '2020-11-18 11:12:05', '1', '2020-11-20 17:46:18', 0, 1, '1327163837137022978')
GO

INSERT INTO [dbo].[T_APP_CONFIG_VERSION]([ID], [CONFIG_VERSION], [CONFIG_VERSION_STATUS], [CREATE_BY], [CREATE_TIME], [UPDATE_BY], [UPDATE_TIME], [DELETED], [VERSION], [CONFIG_ID]) VALUES ('1328899368799682562', NULL, 'CLOSED', '1', '2020-11-18 11:14:33', '1', '2020-11-20 17:46:18', 0, 1, '1327163837137022978')
GO

INSERT INTO [dbo].[T_APP_CONFIG_VERSION]([ID], [CONFIG_VERSION], [CONFIG_VERSION_STATUS], [CREATE_BY], [CREATE_TIME], [UPDATE_BY], [UPDATE_TIME], [DELETED], [VERSION], [CONFIG_ID]) VALUES ('1328899528145489921', NULL, 'CLOSED', '1', '2020-11-18 11:15:11', '1', '2020-11-20 17:46:18', 0, 1, '1327163837137022978')
GO

INSERT INTO [dbo].[T_APP_CONFIG_VERSION]([ID], [CONFIG_VERSION], [CONFIG_VERSION_STATUS], [CREATE_BY], [CREATE_TIME], [UPDATE_BY], [UPDATE_TIME], [DELETED], [VERSION], [CONFIG_ID]) VALUES ('1328902555736604674', NULL, 'CLOSED', '1', '2020-11-18 11:27:13', '1', '2020-11-20 17:46:18', 0, 1, '1327163837137022978')
GO

INSERT INTO [dbo].[T_APP_CONFIG_VERSION]([ID], [CONFIG_VERSION], [CONFIG_VERSION_STATUS], [CREATE_BY], [CREATE_TIME], [UPDATE_BY], [UPDATE_TIME], [DELETED], [VERSION], [CONFIG_ID]) VALUES ('1328902685499981826', NULL, 'CLOSED', '1', '2020-11-18 11:27:44', '1', '2020-11-20 17:46:18', 0, 1, '1327163837137022978')
GO

INSERT INTO [dbo].[T_APP_CONFIG_VERSION]([ID], [CONFIG_VERSION], [CONFIG_VERSION_STATUS], [CREATE_BY], [CREATE_TIME], [UPDATE_BY], [UPDATE_TIME], [DELETED], [VERSION], [CONFIG_ID]) VALUES ('1328904153607045121', NULL, 'CLOSED', '1', '2020-11-18 11:33:34', '1', '2020-11-20 17:46:18', 0, 1, '1327163837137022978')
GO

INSERT INTO [dbo].[T_APP_CONFIG_VERSION]([ID], [CONFIG_VERSION], [CONFIG_VERSION_STATUS], [CREATE_BY], [CREATE_TIME], [UPDATE_BY], [UPDATE_TIME], [DELETED], [VERSION], [CONFIG_ID]) VALUES ('1328904285819895810', NULL, 'CLOSED', '1', '2020-11-18 11:34:06', '1', '2020-11-20 17:46:18', 0, 1, '1327163837137022978')
GO

INSERT INTO [dbo].[T_APP_CONFIG_VERSION]([ID], [CONFIG_VERSION], [CONFIG_VERSION_STATUS], [CREATE_BY], [CREATE_TIME], [UPDATE_BY], [UPDATE_TIME], [DELETED], [VERSION], [CONFIG_ID]) VALUES ('1328904750502768642', NULL, 'CLOSED', '1', '2020-11-18 11:35:57', '1', '2020-11-20 17:46:18', 0, 1, '1327163837137022978')
GO

INSERT INTO [dbo].[T_APP_CONFIG_VERSION]([ID], [CONFIG_VERSION], [CONFIG_VERSION_STATUS], [CREATE_BY], [CREATE_TIME], [UPDATE_BY], [UPDATE_TIME], [DELETED], [VERSION], [CONFIG_ID]) VALUES ('1328905702852923394', NULL, 'CLOSED', '1', '2020-11-18 11:39:44', '1', '2020-11-20 17:46:18', 0, 1, '1327163837137022978')
GO

INSERT INTO [dbo].[T_APP_CONFIG_VERSION]([ID], [CONFIG_VERSION], [CONFIG_VERSION_STATUS], [CREATE_BY], [CREATE_TIME], [UPDATE_BY], [UPDATE_TIME], [DELETED], [VERSION], [CONFIG_ID]) VALUES ('1328906150217392129', '2.3', 'CLOSED', '1', '2020-11-18 11:41:30', '1', '2020-11-18 17:52:03', 0, 2, '1327163837137022978')
GO

INSERT INTO [dbo].[T_APP_CONFIG_VERSION]([ID], [CONFIG_VERSION], [CONFIG_VERSION_STATUS], [CREATE_BY], [CREATE_TIME], [UPDATE_BY], [UPDATE_TIME], [DELETED], [VERSION], [CONFIG_ID]) VALUES ('1328995297611431938', '1.0', 'OPEN', '1', '2020-11-18 17:35:45', '1', '2020-11-18 19:34:47', 1, 1, '1328995297452048386')
GO

INSERT INTO [dbo].[T_APP_CONFIG_VERSION]([ID], [CONFIG_VERSION], [CONFIG_VERSION_STATUS], [CREATE_BY], [CREATE_TIME], [UPDATE_BY], [UPDATE_TIME], [DELETED], [VERSION], [CONFIG_ID]) VALUES ('1328995379832373250', NULL, 'NON_DEPLOY', '1', '2020-11-18 17:36:04', '1', '2020-11-18 17:36:04', 1, 0, '1328995379693961217')
GO

INSERT INTO [dbo].[T_APP_CONFIG_VERSION]([ID], [CONFIG_VERSION], [CONFIG_VERSION_STATUS], [CREATE_BY], [CREATE_TIME], [UPDATE_BY], [UPDATE_TIME], [DELETED], [VERSION], [CONFIG_ID]) VALUES ('1328999308360126466', '1.0', 'CLOSED', '1', '2020-11-18 17:51:41', '1', '2020-11-18 19:34:47', 1, 2, '1328999308183965697')
GO

INSERT INTO [dbo].[T_APP_CONFIG_VERSION]([ID], [CONFIG_VERSION], [CONFIG_VERSION_STATUS], [CREATE_BY], [CREATE_TIME], [UPDATE_BY], [UPDATE_TIME], [DELETED], [VERSION], [CONFIG_ID]) VALUES ('1329029997369475073', NULL, 'NON_DEPLOY', '1', '2020-11-18 19:53:38', '1', '2020-11-18 19:53:38', 1, 0, '1329029997226868738')
GO

INSERT INTO [dbo].[T_APP_CONFIG_VERSION]([ID], [CONFIG_VERSION], [CONFIG_VERSION_STATUS], [CREATE_BY], [CREATE_TIME], [UPDATE_BY], [UPDATE_TIME], [DELETED], [VERSION], [CONFIG_ID]) VALUES ('1329030684081897474', NULL, 'NON_DEPLOY', '1', '2020-11-18 19:56:21', '1', '2020-11-18 19:56:21', 1, 0, '1329030683951874050')
GO

INSERT INTO [dbo].[T_APP_CONFIG_VERSION]([ID], [CONFIG_VERSION], [CONFIG_VERSION_STATUS], [CREATE_BY], [CREATE_TIME], [UPDATE_BY], [UPDATE_TIME], [DELETED], [VERSION], [CONFIG_ID]) VALUES ('1329030779208712193', NULL, 'NON_DEPLOY', '1', '2020-11-18 19:56:44', '1', '2020-11-18 19:56:44', 1, 0, '1329030779074494466')
GO

INSERT INTO [dbo].[T_APP_CONFIG_VERSION]([ID], [CONFIG_VERSION], [CONFIG_VERSION_STATUS], [CREATE_BY], [CREATE_TIME], [UPDATE_BY], [UPDATE_TIME], [DELETED], [VERSION], [CONFIG_ID]) VALUES ('1329030853506613249', NULL, 'NON_DEPLOY', '1', '2020-11-18 19:57:02', '1', '2020-11-18 19:57:02', 1, 0, '1329030853372395522')
GO

INSERT INTO [dbo].[T_APP_CONFIG_VERSION]([ID], [CONFIG_VERSION], [CONFIG_VERSION_STATUS], [CREATE_BY], [CREATE_TIME], [UPDATE_BY], [UPDATE_TIME], [DELETED], [VERSION], [CONFIG_ID]) VALUES ('1329030981315444738', NULL, 'NON_DEPLOY', '1', '2020-11-18 19:57:32', '1', '2020-11-18 19:57:32', 1, 0, '1329030981181227010')
GO

INSERT INTO [dbo].[T_APP_CONFIG_VERSION]([ID], [CONFIG_VERSION], [CONFIG_VERSION_STATUS], [CREATE_BY], [CREATE_TIME], [UPDATE_BY], [UPDATE_TIME], [DELETED], [VERSION], [CONFIG_ID]) VALUES ('1329031084797313025', '1.0', 'OPEN', '1', '2020-11-18 19:57:57', '1', '2020-11-18 20:00:23', 1, 1, '1329031084658900993')
GO

INSERT INTO [dbo].[T_APP_CONFIG_VERSION]([ID], [CONFIG_VERSION], [CONFIG_VERSION_STATUS], [CREATE_BY], [CREATE_TIME], [UPDATE_BY], [UPDATE_TIME], [DELETED], [VERSION], [CONFIG_ID]) VALUES ('1329032094563418113', '1.1', 'CLOSED', '1', '2020-11-18 20:01:58', '1', '2020-11-23 14:40:18', 0, 8, '1329032094374674434')
GO

INSERT INTO [dbo].[T_APP_CONFIG_VERSION]([ID], [CONFIG_VERSION], [CONFIG_VERSION_STATUS], [CREATE_BY], [CREATE_TIME], [UPDATE_BY], [UPDATE_TIME], [DELETED], [VERSION], [CONFIG_ID]) VALUES ('1329033598766661633', '1.0', 'CLOSED', '1', '2020-11-18 20:07:56', '1', '2020-11-20 18:15:20', 0, 6, '1329032094374674434')
GO

INSERT INTO [dbo].[T_APP_CONFIG_VERSION]([ID], [CONFIG_VERSION], [CONFIG_VERSION_STATUS], [CREATE_BY], [CREATE_TIME], [UPDATE_BY], [UPDATE_TIME], [DELETED], [VERSION], [CONFIG_ID]) VALUES ('1329248730520100865', NULL, 'NON_DEPLOY', '1', '2020-11-19 10:22:48', '1', '2020-11-19 10:22:48', 1, 0, '1329248730243276801')
GO

INSERT INTO [dbo].[T_APP_CONFIG_VERSION]([ID], [CONFIG_VERSION], [CONFIG_VERSION_STATUS], [CREATE_BY], [CREATE_TIME], [UPDATE_BY], [UPDATE_TIME], [DELETED], [VERSION], [CONFIG_ID]) VALUES ('1329248842633846785', '1.0', 'CLOSED', '1', '2020-11-19 10:23:14', '1', '2020-11-20 17:40:31', 1, 10, '1329248842503823361')
GO

INSERT INTO [dbo].[T_APP_CONFIG_VERSION]([ID], [CONFIG_VERSION], [CONFIG_VERSION_STATUS], [CREATE_BY], [CREATE_TIME], [UPDATE_BY], [UPDATE_TIME], [DELETED], [VERSION], [CONFIG_ID]) VALUES ('1329248884715298817', '1.0', 'CLOSED', '1', '2020-11-19 10:23:25', '1', '2020-11-19 11:17:32', 0, 2, '1329248884572692482')
GO

INSERT INTO [dbo].[T_APP_CONFIG_VERSION]([ID], [CONFIG_VERSION], [CONFIG_VERSION_STATUS], [CREATE_BY], [CREATE_TIME], [UPDATE_BY], [UPDATE_TIME], [DELETED], [VERSION], [CONFIG_ID]) VALUES ('1329262600173264897', '1.1', 'CLOSED', '1', '2020-11-19 11:17:55', '1', '2020-11-20 17:57:27', 1, 16, '1329248842503823361')
GO

INSERT INTO [dbo].[T_APP_CONFIG_VERSION]([ID], [CONFIG_VERSION], [CONFIG_VERSION_STATUS], [CREATE_BY], [CREATE_TIME], [UPDATE_BY], [UPDATE_TIME], [DELETED], [VERSION], [CONFIG_ID]) VALUES ('1329358307148414977', '1.0', 'OPEN', '1', '2020-11-19 17:38:13', '1', '2020-11-19 17:38:43', 1, 1, '1329358296410996737')
GO

INSERT INTO [dbo].[T_APP_CONFIG_VERSION]([ID], [CONFIG_VERSION], [CONFIG_VERSION_STATUS], [CREATE_BY], [CREATE_TIME], [UPDATE_BY], [UPDATE_TIME], [DELETED], [VERSION], [CONFIG_ID]) VALUES ('1329358313188212738', '1.0', 'OPEN', '1', '2020-11-19 17:38:14', '1', '2020-11-19 17:38:39', 1, 1, '1329358307551068162')
GO

INSERT INTO [dbo].[T_APP_CONFIG_VERSION]([ID], [CONFIG_VERSION], [CONFIG_VERSION_STATUS], [CREATE_BY], [CREATE_TIME], [UPDATE_BY], [UPDATE_TIME], [DELETED], [VERSION], [CONFIG_ID]) VALUES ('1329358543090597889', '1.0', 'OPEN', '1', '2020-11-19 17:39:09', '1', '2020-11-19 17:39:31', 1, 1, '1329358542960574466')
GO

INSERT INTO [dbo].[T_APP_CONFIG_VERSION]([ID], [CONFIG_VERSION], [CONFIG_VERSION_STATUS], [CREATE_BY], [CREATE_TIME], [UPDATE_BY], [UPDATE_TIME], [DELETED], [VERSION], [CONFIG_ID]) VALUES ('1329362226180243458', NULL, 'CLOSED', '1', '2020-11-19 17:53:47', '1', '2020-11-20 17:46:18', 0, 1, '1329362225895030785')
GO

INSERT INTO [dbo].[T_APP_CONFIG_VERSION]([ID], [CONFIG_VERSION], [CONFIG_VERSION_STATUS], [CREATE_BY], [CREATE_TIME], [UPDATE_BY], [UPDATE_TIME], [DELETED], [VERSION], [CONFIG_ID]) VALUES ('1329362226868109314', '1.0', 'OPEN', '1', '2020-11-19 17:53:47', '1', '2020-11-19 18:24:03', 0, 1, '1329362226582896642')
GO

INSERT INTO [dbo].[T_APP_CONFIG_VERSION]([ID], [CONFIG_VERSION], [CONFIG_VERSION_STATUS], [CREATE_BY], [CREATE_TIME], [UPDATE_BY], [UPDATE_TIME], [DELETED], [VERSION], [CONFIG_ID]) VALUES ('1329362699851382786', '1.0', 'OPEN', '1', '2020-11-19 17:55:40', '1', '2020-11-19 17:55:45', 0, 1, '1329362225895030785')
GO

INSERT INTO [dbo].[T_APP_CONFIG_VERSION]([ID], [CONFIG_VERSION], [CONFIG_VERSION_STATUS], [CREATE_BY], [CREATE_TIME], [UPDATE_BY], [UPDATE_TIME], [DELETED], [VERSION], [CONFIG_ID]) VALUES ('1329362772555448321', '1.1', 'CLOSED', '1', '2020-11-19 17:55:58', '1', '2020-11-19 17:55:58', 0, 1, '1329362225895030785')
GO

INSERT INTO [dbo].[T_APP_CONFIG_VERSION]([ID], [CONFIG_VERSION], [CONFIG_VERSION_STATUS], [CREATE_BY], [CREATE_TIME], [UPDATE_BY], [UPDATE_TIME], [DELETED], [VERSION], [CONFIG_ID]) VALUES ('1329373036340289538', '1.2', 'OPEN', '1', '2020-11-19 18:36:45', '1', '2020-11-23 14:40:18', 0, 4, '1329032094374674434')
GO

INSERT INTO [dbo].[T_APP_CONFIG_VERSION]([ID], [CONFIG_VERSION], [CONFIG_VERSION_STATUS], [CREATE_BY], [CREATE_TIME], [UPDATE_BY], [UPDATE_TIME], [DELETED], [VERSION], [CONFIG_ID]) VALUES ('1329685329368199170', '1.0', 'OPEN', '1', '2020-11-20 15:17:41', '1', '2020-11-23 14:41:40', 0, 2, '1329685329041043458')
GO

INSERT INTO [dbo].[T_APP_CONFIG_VERSION]([ID], [CONFIG_VERSION], [CONFIG_VERSION_STATUS], [CREATE_BY], [CREATE_TIME], [UPDATE_BY], [UPDATE_TIME], [DELETED], [VERSION], [CONFIG_ID]) VALUES ('1329692684575191042', '1.0', 'OPEN', '1', '2020-11-20 15:46:55', '1', '2020-11-23 11:06:59', 0, 2, '1329692683807633409')
GO

INSERT INTO [dbo].[T_APP_CONFIG_VERSION]([ID], [CONFIG_VERSION], [CONFIG_VERSION_STATUS], [CREATE_BY], [CREATE_TIME], [UPDATE_BY], [UPDATE_TIME], [DELETED], [VERSION], [CONFIG_ID]) VALUES ('1329722769596375042', '1.2', 'CLOSED', '1', '2020-11-20 17:46:27', '1', '2020-11-20 17:59:30', 1, 3, '1329248842503823361')
GO

INSERT INTO [dbo].[T_APP_CONFIG_VERSION]([ID], [CONFIG_VERSION], [CONFIG_VERSION_STATUS], [CREATE_BY], [CREATE_TIME], [UPDATE_BY], [UPDATE_TIME], [DELETED], [VERSION], [CONFIG_ID]) VALUES ('1329725536125837313', '1.3', 'CLOSED', '1', '2020-11-20 17:57:27', '1', '2020-11-20 17:57:32', 1, 1, '1329248842503823361')
GO

INSERT INTO [dbo].[T_APP_CONFIG_VERSION]([ID], [CONFIG_VERSION], [CONFIG_VERSION_STATUS], [CREATE_BY], [CREATE_TIME], [UPDATE_BY], [UPDATE_TIME], [DELETED], [VERSION], [CONFIG_ID]) VALUES ('1329725744364642306', '1.4', 'OPEN', '1', '2020-11-20 17:58:17', '1', '2020-11-20 17:59:30', 1, 1, '1329248842503823361')
GO

INSERT INTO [dbo].[T_APP_CONFIG_VERSION]([ID], [CONFIG_VERSION], [CONFIG_VERSION_STATUS], [CREATE_BY], [CREATE_TIME], [UPDATE_BY], [UPDATE_TIME], [DELETED], [VERSION], [CONFIG_ID]) VALUES ('1330763229106495489', NULL, 'NON_DEPLOY', '1', '2020-11-23 14:40:52', '1', '2020-11-23 14:40:52', 0, 0, '1330763228968083458')
GO

INSERT INTO [dbo].[T_APP_CONFIG_VERSION]([ID], [CONFIG_VERSION], [CONFIG_VERSION_STATUS], [CREATE_BY], [CREATE_TIME], [UPDATE_BY], [UPDATE_TIME], [DELETED], [VERSION], [CONFIG_ID]) VALUES ('1330763341228630018', NULL, 'NON_DEPLOY', '1', '2020-11-23 14:41:19', '1', '2020-11-23 14:41:19', 0, 0, '1329685329041043458')
GO

INSERT INTO [dbo].[T_APP_CONFIG_VERSION]([ID], [CONFIG_VERSION], [CONFIG_VERSION_STATUS], [CREATE_BY], [CREATE_TIME], [UPDATE_BY], [UPDATE_TIME], [DELETED], [VERSION], [CONFIG_ID]) VALUES ('1330763413513265154', NULL, 'NON_DEPLOY', '1', '2020-11-23 14:41:36', '1', '2020-11-23 14:41:36', 0, 0, '1329685329041043458')
GO

INSERT INTO [dbo].[T_APP_DATASOURCE]([ID], [DATASOURCE_NAME], [DATASOURCE_TYPE], [DATASOURCE_CONNECT_NAME], [DATASOURCE_IP], [DATASOURCE_PORT], [DATASOURCE_USERNAME], [DATASOURCE_PASSWORD], [CREATE_BY], [CREATE_TIME], [UPDATE_BY], [UPDATE_TIME], [DELETED], [VERSION]) VALUES ('1326830669863198722', '12', 'oracle', '21', '21', '221', '21', '212', '1', '2020-11-12 18:14:17', '1', '2020-11-12 18:14:34', 1, 0)
GO

INSERT INTO [dbo].[T_APP_DATASOURCE]([ID], [DATASOURCE_NAME], [DATASOURCE_TYPE], [DATASOURCE_CONNECT_NAME], [DATASOURCE_IP], [DATASOURCE_PORT], [DATASOURCE_USERNAME], [DATASOURCE_PASSWORD], [CREATE_BY], [CREATE_TIME], [UPDATE_BY], [UPDATE_TIME], [DELETED], [VERSION]) VALUES ('1329068457782304769', '32', 'mysql', '32', '32', '32', '3232', '32', '1', '2020-11-18 22:26:27', '1', '2020-11-18 22:26:32', 1, 1)
GO

INSERT INTO [dbo].[T_APP_DATASOURCE]([ID], [DATASOURCE_NAME], [DATASOURCE_TYPE], [DATASOURCE_CONNECT_NAME], [DATASOURCE_IP], [DATASOURCE_PORT], [DATASOURCE_USERNAME], [DATASOURCE_PASSWORD], [CREATE_BY], [CREATE_TIME], [UPDATE_BY], [UPDATE_TIME], [DELETED], [VERSION]) VALUES ('1329068686111825921', '33', 'mysql', '32', '32', '32', '32', '32', '1', '2020-11-18 22:27:22', '1', '2020-11-18 22:27:22', 1, 0)
GO

INSERT INTO [dbo].[T_APP_DATASOURCE]([ID], [DATASOURCE_NAME], [DATASOURCE_TYPE], [DATASOURCE_CONNECT_NAME], [DATASOURCE_IP], [DATASOURCE_PORT], [DATASOURCE_USERNAME], [DATASOURCE_PASSWORD], [CREATE_BY], [CREATE_TIME], [UPDATE_BY], [UPDATE_TIME], [DELETED], [VERSION]) VALUES ('1329068701861437442', '33', 'mysql', '32', '3232', '32', '32', '32', '1', '2020-11-18 22:27:26', '1', '2020-11-18 22:27:26', 1, 0)
GO

INSERT INTO [dbo].[T_APP_DATASOURCE]([ID], [DATASOURCE_NAME], [DATASOURCE_TYPE], [DATASOURCE_CONNECT_NAME], [DATASOURCE_IP], [DATASOURCE_PORT], [DATASOURCE_USERNAME], [DATASOURCE_PASSWORD], [CREATE_BY], [CREATE_TIME], [UPDATE_BY], [UPDATE_TIME], [DELETED], [VERSION]) VALUES ('1329246859315257345', '32', 'mysql', '32', '32', '32', '23', '32', '1', '2020-11-19 10:15:22', '1', '2020-11-19 10:15:22', 1, 0)
GO

INSERT INTO [dbo].[T_APP_DATASOURCE]([ID], [DATASOURCE_NAME], [DATASOURCE_TYPE], [DATASOURCE_CONNECT_NAME], [DATASOURCE_IP], [DATASOURCE_PORT], [DATASOURCE_USERNAME], [DATASOURCE_PASSWORD], [CREATE_BY], [CREATE_TIME], [UPDATE_BY], [UPDATE_TIME], [DELETED], [VERSION]) VALUES ('1329248564362747906', 'test', 'mysql', '21', '21', '21', '21', '21', '1', '2020-11-19 10:22:08', '1', '2020-11-19 10:22:08', 1, 0)
GO

INSERT INTO [dbo].[T_APP_DATASOURCE]([ID], [DATASOURCE_NAME], [DATASOURCE_TYPE], [DATASOURCE_CONNECT_NAME], [DATASOURCE_IP], [DATASOURCE_PORT], [DATASOURCE_USERNAME], [DATASOURCE_PASSWORD], [CREATE_BY], [CREATE_TIME], [UPDATE_BY], [UPDATE_TIME], [DELETED], [VERSION]) VALUES ('1329327457979584513', '21', 'oracle', '21', '21', '21', '21', '21', '1', '2020-11-19 15:35:38', '1', '2020-11-19 15:35:38', 1, 0)
GO

INSERT INTO [dbo].[T_APP_DATASOURCE]([ID], [DATASOURCE_NAME], [DATASOURCE_TYPE], [DATASOURCE_CONNECT_NAME], [DATASOURCE_IP], [DATASOURCE_PORT], [DATASOURCE_USERNAME], [DATASOURCE_PASSWORD], [CREATE_BY], [CREATE_TIME], [UPDATE_BY], [UPDATE_TIME], [DELETED], [VERSION]) VALUES ('1329327803497959425', '21', 'sqlserver', '21', '21', '21', '21', '21', '1', '2020-11-19 15:37:00', '1', '2020-11-19 15:37:00', 1, 0)
GO

INSERT INTO [dbo].[T_APP_DATASOURCE]([ID], [DATASOURCE_NAME], [DATASOURCE_TYPE], [DATASOURCE_CONNECT_NAME], [DATASOURCE_IP], [DATASOURCE_PORT], [DATASOURCE_USERNAME], [DATASOURCE_PASSWORD], [CREATE_BY], [CREATE_TIME], [UPDATE_BY], [UPDATE_TIME], [DELETED], [VERSION]) VALUES ('1329327831062925313', '21', 'sqlserver', '21', '21', '21', '21', '21', '1', '2020-11-19 15:37:07', '1', '2020-11-19 15:37:07', 1, 0)
GO

INSERT INTO [dbo].[T_APP_DATASOURCE]([ID], [DATASOURCE_NAME], [DATASOURCE_TYPE], [DATASOURCE_CONNECT_NAME], [DATASOURCE_IP], [DATASOURCE_PORT], [DATASOURCE_USERNAME], [DATASOURCE_PASSWORD], [CREATE_BY], [CREATE_TIME], [UPDATE_BY], [UPDATE_TIME], [DELETED], [VERSION]) VALUES ('1329363139573825538', 'hbp', 'oracle', 'orcl', 'localhost', '1521', 'C##HBP', '123456', '1', '2020-11-19 17:57:25', '1', '2020-11-24 10:28:14', 0, 4)
GO

INSERT INTO [dbo].[T_APP_DATASOURCE]([ID], [DATASOURCE_NAME], [DATASOURCE_TYPE], [DATASOURCE_CONNECT_NAME], [DATASOURCE_IP], [DATASOURCE_PORT], [DATASOURCE_USERNAME], [DATASOURCE_PASSWORD], [CREATE_BY], [CREATE_TIME], [UPDATE_BY], [UPDATE_TIME], [DELETED], [VERSION]) VALUES ('1330801323800006657', '测试', 'oracle', '测试', '39.98.150.170', '1521', 'zzht', 'YSD2city', '1', '2020-11-23 17:12:15', '1', '2020-11-23 17:12:15', 0, 0)
GO

INSERT INTO [dbo].[T_APP_SERVER]([ID], [SERVER_CODE], [SERVER_NAME], [SERVER_IP], [SERVER_PORT], [SERVER_STATE], [SERVER_VERSION], [DATA_SOURCE_ID], [CREATE_BY], [CREATE_TIME], [UPDATE_BY], [UPDATE_TIME], [DELETED], [VERSION], [SYSTEM_ID], [SYSTEM_NAME]) VALUES ('1328952450422120449', '72b8e945e3dee9fc774cabdee6764518', '外勤服务', NULL, 0, 0, NULL, NULL, '1', '2020-11-18 14:45:29', '1', '2020-11-18 14:45:29', 0, 0, '778631976918847488', '默认')
GO

INSERT INTO [dbo].[T_APP_SERVER]([ID], [SERVER_CODE], [SERVER_NAME], [SERVER_IP], [SERVER_PORT], [SERVER_STATE], [SERVER_VERSION], [DATA_SOURCE_ID], [CREATE_BY], [CREATE_TIME], [UPDATE_BY], [UPDATE_TIME], [DELETED], [VERSION], [SYSTEM_ID], [SYSTEM_NAME]) VALUES ('1328952509343703042', 'f7096d6ef9ea57481a0c003697adbcfa', '外勤前端', NULL, 0, 0, NULL, NULL, '1', '2020-11-18 14:45:43', '1', '2020-11-18 14:45:43', 0, 0, '778632035840430080', '默认')
GO

INSERT INTO [dbo].[T_APP_SERVER]([ID], [SERVER_CODE], [SERVER_NAME], [SERVER_IP], [SERVER_PORT], [SERVER_STATE], [SERVER_VERSION], [DATA_SOURCE_ID], [CREATE_BY], [CREATE_TIME], [UPDATE_BY], [UPDATE_TIME], [DELETED], [VERSION], [SYSTEM_ID], [SYSTEM_NAME]) VALUES ('1328952558769381377', '1f388d7c32557558f03eb9b0c2d9a93e', 'hbp', NULL, 0, 0, NULL, NULL, '1', '2020-11-18 14:45:55', '1', '2020-11-18 14:45:55', 0, 0, '778632085261914112', '默认')
GO

INSERT INTO [dbo].[T_APP_SERVER]([ID], [SERVER_CODE], [SERVER_NAME], [SERVER_IP], [SERVER_PORT], [SERVER_STATE], [SERVER_VERSION], [DATA_SOURCE_ID], [CREATE_BY], [CREATE_TIME], [UPDATE_BY], [UPDATE_TIME], [DELETED], [VERSION], [SYSTEM_ID], [SYSTEM_NAME]) VALUES ('1328954399523471362', 'b45cffe084dd3d20d928bee85e7b0f21', 'string', 'string', 0, 0, 'string', 'string', '1', '2020-11-18 14:53:14', '1', '2020-11-18 14:53:14', 0, 0, '778633925949001728', NULL)
GO

INSERT INTO [dbo].[T_APP_SERVER]([ID], [SERVER_CODE], [SERVER_NAME], [SERVER_IP], [SERVER_PORT], [SERVER_STATE], [SERVER_VERSION], [DATA_SOURCE_ID], [CREATE_BY], [CREATE_TIME], [UPDATE_BY], [UPDATE_TIME], [DELETED], [VERSION], [SYSTEM_ID], [SYSTEM_NAME]) VALUES ('1328954742617538561', 'b45cffe084dd3d20d928bee85e7b0f21', 'string', 'string', 0, 0, 'string', 'string', '1', '2020-11-18 14:54:36', '1', '2020-11-18 14:54:36', 0, 0, '778634230187036672', NULL)
GO

INSERT INTO [dbo].[T_APP_SERVER]([ID], [SERVER_CODE], [SERVER_NAME], [SERVER_IP], [SERVER_PORT], [SERVER_STATE], [SERVER_VERSION], [DATA_SOURCE_ID], [CREATE_BY], [CREATE_TIME], [UPDATE_BY], [UPDATE_TIME], [DELETED], [VERSION], [SYSTEM_ID], [SYSTEM_NAME]) VALUES ('1328961584831897601', 'b45cffe084dd3d20d928bee85e7b0f21', '项目', 'string', 0, 0, 'string', 'string', '1', '2020-11-18 15:21:47', '1', '2020-11-18 15:21:47', 0, 0, '778641111307653120', NULL)
GO

INSERT INTO [dbo].[T_APP_SERVER]([ID], [SERVER_CODE], [SERVER_NAME], [SERVER_IP], [SERVER_PORT], [SERVER_STATE], [SERVER_VERSION], [DATA_SOURCE_ID], [CREATE_BY], [CREATE_TIME], [UPDATE_BY], [UPDATE_TIME], [DELETED], [VERSION], [SYSTEM_ID], [SYSTEM_NAME]) VALUES ('1328964360299323394', 'b45cffe084dd3d20d928bee85e7b0f21', '项目', 'string', 0, 0, 'string', 'string', '1', '2020-11-18 15:32:49', '1', '2020-11-18 15:32:49', 0, 0, '778643886796050432', NULL)
GO

INSERT INTO [dbo].[T_APP_SERVER]([ID], [SERVER_CODE], [SERVER_NAME], [SERVER_IP], [SERVER_PORT], [SERVER_STATE], [SERVER_VERSION], [DATA_SOURCE_ID], [CREATE_BY], [CREATE_TIME], [UPDATE_BY], [UPDATE_TIME], [DELETED], [VERSION], [SYSTEM_ID], [SYSTEM_NAME]) VALUES ('1328964641053343745', 'b45cffe084dd3d20d928bee85e7b0f21', 'string', 'string', 0, 0, 'string', 'string', '1', '2020-11-18 15:33:56', '1', '2020-11-18 15:33:56', 1, 0, '778644167420153856', '项目')
GO

INSERT INTO [dbo].[T_APP_SERVER]([ID], [SERVER_CODE], [SERVER_NAME], [SERVER_IP], [SERVER_PORT], [SERVER_STATE], [SERVER_VERSION], [DATA_SOURCE_ID], [CREATE_BY], [CREATE_TIME], [UPDATE_BY], [UPDATE_TIME], [DELETED], [VERSION], [SYSTEM_ID], [SYSTEM_NAME]) VALUES ('1329248730092281857', '6364d3f0f495b6ab9dcf8d3b5c6e0b01', '32', '32', 32, 0, NULL, '1329248564362747906', '1', '2020-11-19 10:22:48', '1', '2020-11-19 10:22:48', 1, 0, '778928256542969856', '项目')
GO

INSERT INTO [dbo].[T_APP_SERVER]([ID], [SERVER_CODE], [SERVER_NAME], [SERVER_IP], [SERVER_PORT], [SERVER_STATE], [SERVER_VERSION], [DATA_SOURCE_ID], [CREATE_BY], [CREATE_TIME], [UPDATE_BY], [UPDATE_TIME], [DELETED], [VERSION], [SYSTEM_ID], [SYSTEM_NAME]) VALUES ('1329271976942510081', '6364d3f0f495b6ab9dcf8d3b5c6e0b01', '32', '32', 32, 0, NULL, NULL, '1', '2020-11-19 11:55:10', '1', '2020-11-19 11:55:10', 1, 0, '778951503405780992', '项目')
GO

INSERT INTO [dbo].[T_APP_SERVER]([ID], [SERVER_CODE], [SERVER_NAME], [SERVER_IP], [SERVER_PORT], [SERVER_STATE], [SERVER_VERSION], [DATA_SOURCE_ID], [CREATE_BY], [CREATE_TIME], [UPDATE_BY], [UPDATE_TIME], [DELETED], [VERSION], [SYSTEM_ID], [SYSTEM_NAME]) VALUES ('1329315063425376257', '3c59dc048e8850243be8079a5c74d079', '21', '21', 21, 0, NULL, '1329248564362747906', '1', '2020-11-19 14:46:23', '1', '2020-11-19 14:46:23', 1, 0, '778994589888548864', '项目')
GO

INSERT INTO [dbo].[T_APP_SERVER]([ID], [SERVER_CODE], [SERVER_NAME], [SERVER_IP], [SERVER_PORT], [SERVER_STATE], [SERVER_VERSION], [DATA_SOURCE_ID], [CREATE_BY], [CREATE_TIME], [UPDATE_BY], [UPDATE_TIME], [DELETED], [VERSION], [SYSTEM_ID], [SYSTEM_NAME]) VALUES ('1329317628326158338', '6364d3f0f495b6ab9dcf8d3b5c6e0b01', '32', '32', 32, 0, NULL, NULL, '1', '2020-11-19 14:56:34', '1', '2020-11-19 14:56:34', 1, 0, '778997154818691072', '项目')
GO

INSERT INTO [dbo].[T_APP_SERVER]([ID], [SERVER_CODE], [SERVER_NAME], [SERVER_IP], [SERVER_PORT], [SERVER_STATE], [SERVER_VERSION], [DATA_SOURCE_ID], [CREATE_BY], [CREATE_TIME], [UPDATE_BY], [UPDATE_TIME], [DELETED], [VERSION], [SYSTEM_ID], [SYSTEM_NAME]) VALUES ('1329318469820981249', '6364d3f0f495b6ab9dcf8d3b5c6e0b01', '3221', '321', 232123, 0, '3434', '1329248564362747906', '1', '2020-11-19 14:59:55', '1', '2020-11-19 15:23:03', 1, 7, '778997996317708288', '项目')
GO

INSERT INTO [dbo].[T_APP_SERVER]([ID], [SERVER_CODE], [SERVER_NAME], [SERVER_IP], [SERVER_PORT], [SERVER_STATE], [SERVER_VERSION], [DATA_SOURCE_ID], [CREATE_BY], [CREATE_TIME], [UPDATE_BY], [UPDATE_TIME], [DELETED], [VERSION], [SYSTEM_ID], [SYSTEM_NAME]) VALUES ('1329327875526742018', '3c59dc048e8850243be8079a5c74d079', '21', '21', 21, 0, '21', NULL, '1', '2020-11-19 15:37:17', '1', '2020-11-19 15:38:00', 1, 1, '779007401977319424', '项目')
GO

INSERT INTO [dbo].[T_APP_SERVER]([ID], [SERVER_CODE], [SERVER_NAME], [SERVER_IP], [SERVER_PORT], [SERVER_STATE], [SERVER_VERSION], [DATA_SOURCE_ID], [CREATE_BY], [CREATE_TIME], [UPDATE_BY], [UPDATE_TIME], [DELETED], [VERSION], [SYSTEM_ID], [SYSTEM_NAME]) VALUES ('1329358296062869506', '182be0c5cdcd5072bb1864cdee4d3d6e', '33', '32', 32, 0, '32', NULL, '1', '2020-11-19 17:38:10', '1', '2020-11-19 17:38:10', 1, 0, '779037822467313664', '项目')
GO

INSERT INTO [dbo].[T_APP_SERVER]([ID], [SERVER_CODE], [SERVER_NAME], [SERVER_IP], [SERVER_PORT], [SERVER_STATE], [SERVER_VERSION], [DATA_SOURCE_ID], [CREATE_BY], [CREATE_TIME], [UPDATE_BY], [UPDATE_TIME], [DELETED], [VERSION], [SYSTEM_ID], [SYSTEM_NAME]) VALUES ('1329596178836975618', 'b45cffe084dd3d20d928bee85e7b0f21', 'string', 'string', 0, 0, 'string', 'string', '1', '2020-11-20 09:23:26', '1', '2020-11-20 09:23:26', 1, 0, 'string', '项目')
GO

INSERT INTO [dbo].[T_APP_SERVER]([ID], [SERVER_CODE], [SERVER_NAME], [SERVER_IP], [SERVER_PORT], [SERVER_STATE], [SERVER_VERSION], [DATA_SOURCE_ID], [CREATE_BY], [CREATE_TIME], [UPDATE_BY], [UPDATE_TIME], [DELETED], [VERSION], [SYSTEM_ID], [SYSTEM_NAME]) VALUES ('1329596240744902657', 'b45cffe084dd3d20d928bee85e7b0f21', 'string', 'string', 0, 0, 'string', 'string', '1', '2020-11-20 09:23:41', '1', '2020-11-20 09:23:41', 1, 0, 'string', '项目')
GO

INSERT INTO [dbo].[T_APP_SERVER]([ID], [SERVER_CODE], [SERVER_NAME], [SERVER_IP], [SERVER_PORT], [SERVER_STATE], [SERVER_VERSION], [DATA_SOURCE_ID], [CREATE_BY], [CREATE_TIME], [UPDATE_BY], [UPDATE_TIME], [DELETED], [VERSION], [SYSTEM_ID], [SYSTEM_NAME]) VALUES ('1329596757835472898', 'b45cffe084dd3d20d928bee85e7b0f21', 'string', 'string', 0, 0, 'string', 'string', '1', '2020-11-20 09:25:44', '1', '2020-11-20 09:25:44', 1, 0, 'string', '项目')
GO

INSERT INTO [dbo].[T_APP_SERVER]([ID], [SERVER_CODE], [SERVER_NAME], [SERVER_IP], [SERVER_PORT], [SERVER_STATE], [SERVER_VERSION], [DATA_SOURCE_ID], [CREATE_BY], [CREATE_TIME], [UPDATE_BY], [UPDATE_TIME], [DELETED], [VERSION], [SYSTEM_ID], [SYSTEM_NAME]) VALUES ('1329597505239474178', 'd41d8cd98f00b204e9800998ecf8427e', NULL, 'string', 0, 0, 'string', 'string', '1', '2020-11-20 09:28:42', '1', '2020-11-20 09:28:42', 1, 0, 'string', '项目')
GO

INSERT INTO [dbo].[T_APP_SERVER]([ID], [SERVER_CODE], [SERVER_NAME], [SERVER_IP], [SERVER_PORT], [SERVER_STATE], [SERVER_VERSION], [DATA_SOURCE_ID], [CREATE_BY], [CREATE_TIME], [UPDATE_BY], [UPDATE_TIME], [DELETED], [VERSION], [SYSTEM_ID], [SYSTEM_NAME]) VALUES ('1329682261566234626', '3c59dc048e8850243be8079a5c74d079', '21', '21', 21, 0, '21', '1329363139573825538', '1', '2020-11-20 15:05:30', '1', '2020-11-20 15:05:30', 1, 0, '779361788033634304', '项目')
GO

INSERT INTO [dbo].[T_APP_SERVER]([ID], [SERVER_CODE], [SERVER_NAME], [SERVER_IP], [SERVER_PORT], [SERVER_STATE], [SERVER_VERSION], [DATA_SOURCE_ID], [CREATE_BY], [CREATE_TIME], [UPDATE_BY], [UPDATE_TIME], [DELETED], [VERSION], [SYSTEM_ID], [SYSTEM_NAME]) VALUES ('1329684971187294209', '1534b76d325a8f591b52d302e7181331', '212', '2', 21, 0, '2', NULL, '1', '2020-11-20 15:16:16', '1', '2020-11-20 15:16:16', 0, 0, '779364497650487296', '项目')
GO

INSERT INTO [dbo].[T_APP_SERVER]([ID], [SERVER_CODE], [SERVER_NAME], [SERVER_IP], [SERVER_PORT], [SERVER_STATE], [SERVER_VERSION], [DATA_SOURCE_ID], [CREATE_BY], [CREATE_TIME], [UPDATE_BY], [UPDATE_TIME], [DELETED], [VERSION], [SYSTEM_ID], [SYSTEM_NAME]) VALUES ('1329685120714231809', 'abdbeb4d8dbe30df8430a8394b7218ef', '2122', '21', 21, 0, '2', NULL, '1', '2020-11-20 15:16:51', '1', '2020-11-20 15:16:51', 1, 0, '779364647210979328', '项目')
GO

INSERT INTO [dbo].[T_APP_SERVER]([ID], [SERVER_CODE], [SERVER_NAME], [SERVER_IP], [SERVER_PORT], [SERVER_STATE], [SERVER_VERSION], [DATA_SOURCE_ID], [CREATE_BY], [CREATE_TIME], [UPDATE_BY], [UPDATE_TIME], [DELETED], [VERSION], [SYSTEM_ID], [SYSTEM_NAME]) VALUES ('1329685328894242817', '68fc61f6fd79afe9607a3ec58f2e6ad1', '32', '21', 21, 0, '21', '1329363139573825538', '1', '2020-11-20 15:17:41', '1', '2020-11-20 18:14:47', 0, 5, '779364855370092544', '项目')